GENDER,AGE,INCOME_LEVEL,TRAVEL_DAYS,COMPANION_CNT,VISITED_POI_CNT,AVG_STAY_TIME,MAIN_TRANSPORT,ADV_CONSUME_KRW,PREF_NATURE,PREF_ACTIVITY,PREF_GOURMET,PREF_REST,TOTAL_EXPENDITURE
0,30,3,1,1,2,87.4,2,8500.0,5,5,5,1,222400.0
1,31,2,2,0,8,41.7,0,3500.0,3,5,3,3,466900.0
1,23,2,1,1,6,80.8,0,46700.0,4,4,1,1,509200.0
1,50,3,4,1,16,129.4,0,20100.0,1,2,2,3,1428400.0
0,42,3,2,1,2,59.5,0,20000.0,4,5,4,2,273100.0
0,47,4,3,0,9,35.3,1,5500.0,4,3,3,3,532800.0
0,57,4,1,1,1,115.6,0,1000.0,2,5,1,1,147000.0
1,47,3,2,1,10,55.7,0,106400.0,5,2,3,1,704400.0
1,35,2,1,0,3,30.5,1,41100.0,4,1,1,2,167000.0
1,35,2,4,3,8,56.9,0,125500.0,5,3,1,1,1405300.0
0,24,2,1,0,4,97.8,0,17400.0,3,5,3,5,166100.0
1,48,3,2,3,8,103.5,1,23600.0,1,1,1,1,1732700.0
1,23,1,2,0,12,102.0,1,123000.0,1,1,1,5,422700.0
0,46,2,1,3,3,52.3,0,17100.0,3,4,4,1,448500.0
0,20,2,2,0,4,119.6,0,113300.0,2,2,2,1,324500.0
0,28,1,4,2,1,113.9,0,38000.0,3,4,5,2,639100.0
0,26,1,1,1,3,105.1,0,6800.0,3,2,4,5,238400.0
1,28,2,2,2,6,51.3,0,20600.0,2,1,5,2,997500.0
1,46,3,1,1,4,67.2,1,1000.0,2,5,5,5,432900.0
0,41,4,2,0,6,99.9,0,50300.0,4,2,2,5,365800.0
1,35,2,2,2,8,109.1,2,176300.0,5,2,4,4,1315500.0
0,23,1,1,0,1,53.4,1,15600.0,1,1,1,5,117200.0
0,22,1,1,3,1,150.1,0,5900.0,2,3,2,2,169100.0
0,21,3,2,0,6,84.1,0,400.0,2,1,1,2,281600.0
1,25,2,1,1,2,122.1,1,9000.0,4,1,1,3,272100.0
1,57,4,1,2,3,45.4,1,300.0,4,2,1,1,548600.0
0,25,1,2,1,4,96.1,2,22700.0,5,1,1,4,365800.0
1,38,3,1,1,3,44.6,0,4200.0,2,4,4,1,319700.0
1,24,2,1,2,3,94.2,0,1800.0,2,1,5,2,164800.0
0,21,2,2,2,1,105.1,2,82700.0,4,5,5,4,595500.0
1,37,2,1,3,1,107.1,0,9700.0,3,1,4,5,186600.0
0,38,3,1,1,2,63.1,1,800.0,5,1,5,2,200300.0
0,23,1,1,1,4,25.3,0,32200.0,2,5,2,2,200700.0
1,25,1,2,1,6,100.2,1,142500.0,1,3,1,2,569400.0
1,37,2,2,1,1,75.0,0,394300.0,1,3,1,2,539000.0
1,28,3,2,2,10,75.0,1,43000.0,4,3,1,4,1185800.0
0,24,1,1,1,3,56.7,0,24500.0,1,4,3,1,281300.0
0,55,4,1,1,2,87.1,2,14300.0,4,5,2,1,259300.0
1,33,3,1,1,2,88.8,0,3400.0,3,4,3,5,192000.0
1,34,2,1,2,2,125.9,0,1800.0,4,4,4,2,282000.0
0,36,3,3,3,3,20.0,0,222600.0,2,4,3,2,957800.0
1,38,3,1,2,1,42.7,2,4000.0,1,5,5,1,1776300.0
0,35,1,1,1,5,105.0,0,300.0,2,2,5,5,1451100.0
1,45,5,1,2,5,20.0,0,15400.0,1,2,2,3,425500.0
0,47,4,2,1,1,63.7,0,22000.0,1,3,3,4,324200.0
1,23,2,2,0,2,172.1,0,15300.0,4,4,3,1,188500.0
0,32,3,2,0,4,79.2,0,78600.0,5,3,1,4,387300.0
1,36,3,2,0,4,113.4,0,82100.0,1,4,2,1,399500.0
1,54,3,2,1,8,30.1,1,38300.0,1,3,1,5,799300.0
0,41,3,1,2,2,113.5,0,9500.0,5,1,2,2,287600.0
1,31,3,1,1,5,75.7,0,23300.0,2,5,2,3,377500.0
1,25,1,2,1,6,99.1,1,146800.0,1,4,3,4,770100.0
1,37,1,2,3,4,108.4,2,84500.0,4,4,1,3,786600.0
1,20,2,2,2,8,70.9,1,27600.0,5,4,4,2,620100.0
1,35,3,2,2,8,106.0,0,98700.0,5,5,1,1,939500.0
1,21,1,2,1,4,49.7,0,8600.0,1,1,4,5,338500.0
0,41,4,3,0,1,90.8,0,8400.0,2,2,5,2,263900.0
0,26,2,2,0,10,107.2,0,159500.0,2,5,2,3,425700.0
0,30,2,2,0,4,70.1,0,6000.0,3,1,1,3,236300.0
0,55,5,1,1,3,55.3,2,3000.0,3,3,2,3,244200.0
0,26,1,2,1,1,73.0,0,29600.0,4,4,1,1,260400.0
0,37,2,3,0,15,127.1,0,6600.0,1,4,5,3,432400.0
1,36,2,1,0,3,121.7,0,12000.0,2,2,1,1,133100.0
0,25,1,2,0,6,115.6,0,153600.0,3,3,5,3,316400.0
0,48,3,2,1,2,142.8,0,39500.0,1,1,2,4,358000.0
1,22,2,1,1,6,90.2,0,11900.0,1,3,3,4,255700.0
0,35,3,2,1,4,96.2,0,46500.0,2,3,4,2,455100.0
1,33,2,1,1,4,20.2,0,17900.0,1,2,2,2,232500.0
0,31,3,3,1,9,58.1,2,21200.0,5,1,3,5,1236000.0
1,40,3,2,0,2,107.9,1,6400.0,3,2,2,3,209200.0
1,20,1,1,1,3,120.4,1,900.0,4,1,2,3,271900.0
0,22,2,1,3,3,44.8,0,9700.0,3,5,1,1,361500.0
0,43,2,2,4,2,86.7,2,159700.0,1,5,5,2,1390300.0
1,31,2,1,1,5,165.6,0,11700.0,5,4,5,4,478900.0
1,40,4,1,3,2,86.9,2,45300.0,3,2,1,1,471700.0
1,43,3,2,1,16,140.6,0,22100.0,2,5,1,4,766300.0
1,56,5,1,0,5,102.2,0,5200.0,5,3,2,1,282600.0
0,35,2,1,5,3,109.6,0,3700.0,3,3,5,2,364200.0
0,35,1,2,0,4,58.2,0,161500.0,1,5,2,3,351600.0
0,48,3,3,2,1,33.7,0,2400.0,2,2,3,3,728300.0
1,31,2,2,1,4,115.3,2,55600.0,1,4,3,2,423700.0
1,23,1,2,1,12,100.7,0,61800.0,1,3,1,4,856800.0
0,54,4,1,1,4,92.1,0,11100.0,2,4,5,5,205600.0
0,50,5,1,1,3,43.6,0,83300.0,5,3,3,5,466400.0
0,37,4,1,1,4,77.5,0,6800.0,3,1,5,2,412600.0
0,27,1,2,1,4,68.4,1,14600.0,5,5,5,1,410000.0
1,35,2,3,1,6,71.8,0,39700.0,2,2,4,3,642900.0
1,44,3,2,4,4,98.0,1,23400.0,3,3,3,4,1416800.0
1,57,6,3,2,9,114.7,0,154600.0,2,5,3,5,1948500.0
1,22,3,2,1,6,100.0,2,34800.0,4,4,2,3,584700.0
0,22,1,1,0,5,96.8,0,17500.0,4,2,2,2,238500.0
1,51,5,1,2,5,94.0,2,36900.0,5,2,5,3,3792500.0
1,34,2,1,0,2,83.9,0,3400.0,2,5,1,5,90700.0
1,32,1,1,1,1,60.9,1,25800.0,3,5,2,4,157200.0
1,62,4,2,1,2,91.6,0,87800.0,5,5,2,1,447100.0
1,25,1,1,3,3,116.2,0,7000.0,4,1,5,1,461600.0
1,47,3,2,0,4,86.0,0,187000.0,4,1,3,3,381800.0
1,21,1,2,0,10,57.8,0,52000.0,4,2,2,1,415800.0
0,33,3,1,1,2,48.2,0,18100.0,5,5,1,5,181900.0
0,46,3,2,1,4,56.6,0,154900.0,3,1,5,4,735700.0
0,30,2,2,1,10,50.0,0,65900.0,4,2,3,1,882500.0
1,60,5,1,1,7,191.2,1,12900.0,5,3,4,1,717100.0
0,36,2,2,1,8,59.3,3,1500.0,5,5,1,2,709700.0
1,26,1,1,0,5,88.7,0,18800.0,1,1,3,1,197900.0
1,20,1,2,0,6,87.0,0,200900.0,1,2,5,1,459300.0
0,30,2,3,2,15,139.5,0,38100.0,3,5,4,5,2342300.0
0,33,2,2,3,4,105.0,1,24900.0,4,2,1,1,974000.0
1,24,1,3,1,18,104.9,2,43900.0,1,3,2,2,1139500.0
0,34,2,1,0,2,96.1,3,14500.0,3,2,2,2,123700.0
0,33,3,1,0,1,99.6,2,4800.0,1,2,1,2,116500.0
0,47,4,1,1,1,101.3,2,21300.0,4,3,2,1,236300.0
0,46,2,1,2,8,68.0,3,16300.0,5,4,5,3,491500.0
1,48,3,3,1,15,57.9,0,46800.0,4,5,1,3,1728600.0
1,26,1,2,2,8,92.1,2,7800.0,1,3,1,5,943100.0
1,20,1,1,2,1,71.2,1,15300.0,4,3,2,3,344900.0
1,46,3,1,3,6,96.5,0,2600.0,5,5,1,5,785000.0
1,30,2,1,0,1,52.2,0,37700.0,2,2,4,5,119900.0
0,26,1,2,0,10,38.4,0,5900.0,5,1,1,2,488400.0
1,47,5,2,0,4,45.2,1,53400.0,1,5,2,4,399800.0
1,48,3,2,3,12,87.4,0,23000.0,5,3,2,5,1911800.0
1,32,2,3,2,9,33.5,0,106700.0,3,2,2,1,1300500.0
1,23,1,1,1,6,158.2,1,32400.0,4,4,2,2,460600.0
0,43,5,1,0,3,158.3,0,23800.0,2,2,5,1,186700.0
0,38,3,1,1,6,121.0,1,23100.0,2,1,2,1,523600.0
0,46,3,1,1,5,77.1,1,1400.0,4,2,4,3,594400.0
1,42,4,3,1,3,73.1,3,35100.0,4,1,1,1,423100.0
1,44,3,2,1,6,100.4,0,5200.0,3,4,3,5,661000.0
1,36,3,2,0,6,110.9,2,11800.0,5,4,3,1,393600.0
0,27,2,2,2,4,100.4,0,54600.0,2,2,5,1,563900.0
1,40,3,1,1,4,44.1,0,16500.0,1,5,3,3,224100.0
0,31,3,1,1,2,83.4,0,2100.0,4,5,2,1,159300.0
0,46,3,2,0,8,108.7,0,35100.0,4,5,3,5,365700.0
0,21,1,2,2,8,20.0,3,45300.0,2,4,4,5,723300.0
0,26,1,1,1,1,51.3,0,34300.0,4,1,2,1,104000.0
1,58,5,2,3,8,108.4,2,123400.0,2,3,3,5,2343200.0
0,41,3,2,1,4,79.1,0,10500.0,1,2,2,5,443800.0
1,56,3,1,3,3,79.1,0,24100.0,1,1,5,3,533900.0
1,43,4,2,3,6,128.8,0,10200.0,2,3,4,2,1016900.0
0,31,2,1,1,2,88.1,0,300.0,4,4,1,2,128400.0
1,46,2,2,3,1,73.4,3,126700.0,3,3,2,4,851400.0
1,54,4,2,1,2,79.2,1,19500.0,3,4,4,2,338500.0
0,30,2,4,1,20,80.4,0,76900.0,5,4,5,1,1887300.0
1,44,3,1,0,4,60.8,1,25200.0,3,1,5,5,254600.0
0,22,1,1,1,2,82.2,0,14600.0,4,5,4,2,202900.0
0,36,4,1,2,1,50.1,0,15900.0,3,5,3,3,154400.0
0,45,4,1,2,1,78.3,0,400.0,5,1,4,4,168300.0
1,27,1,2,0,6,71.9,0,4300.0,1,2,3,1,263400.0
1,24,1,3,1,9,98.1,3,111900.0,2,4,3,2,678700.0
0,21,1,1,0,3,143.0,0,21600.0,3,2,4,5,131700.0
0,28,1,1,2,5,99.1,0,11700.0,2,4,5,3,244000.0
1,27,1,1,0,4,93.6,0,13400.0,2,4,1,2,178200.0
0,35,2,1,3,3,98.2,0,14300.0,1,5,1,5,227800.0
0,56,5,1,1,1,59.8,0,1700.0,5,5,4,2,156300.0
1,38,2,1,1,7,114.6,0,16500.0,4,4,2,1,273500.0
1,26,1,2,3,6,104.2,1,13700.0,4,5,4,4,800700.0
0,22,2,1,1,4,88.4,0,13800.0,4,5,1,5,200700.0
1,45,4,2,0,8,102.4,0,124200.0,5,3,4,4,473600.0
1,36,2,2,1,8,101.5,0,47400.0,5,3,5,4,739500.0
0,41,4,1,0,1,101.5,0,5800.0,5,4,1,3,94400.0
1,42,2,2,5,8,124.8,2,42600.0,3,5,1,5,2654700.0
0,43,4,2,1,6,63.5,0,93500.0,2,3,1,3,719700.0
1,25,1,2,1,8,135.9,0,45200.0,5,2,5,4,763300.0
1,40,4,1,1,2,33.9,0,8500.0,5,4,1,1,188700.0
1,28,3,1,0,5,113.2,3,2900.0,3,4,2,1,224900.0
0,54,6,2,2,6,95.9,2,154900.0,2,2,1,2,2008500.0
1,46,5,2,3,2,56.3,0,64400.0,4,4,4,2,1107700.0
0,28,1,1,3,4,126.0,0,1700.0,1,5,2,5,470300.0
0,28,1,1,1,6,26.5,0,16600.0,5,3,3,1,277400.0
0,20,1,1,1,1,146.9,1,20200.0,5,1,1,4,130800.0
1,40,4,1,0,3,169.0,0,10400.0,1,3,3,1,164800.0
1,22,2,2,2,4,84.3,0,28300.0,5,2,3,5,821800.0
0,35,2,1,1,6,54.0,0,2800.0,5,1,5,2,246600.0
1,21,3,1,1,1,69.8,0,6900.0,5,5,4,2,149700.0
0,40,4,2,3,8,124.1,0,91200.0,1,5,4,3,1088600.0
1,40,5,1,0,2,78.7,0,7300.0,3,3,3,2,141700.0
0,44,4,2,0,10,20.0,0,22500.0,3,4,5,4,484800.0
1,43,3,2,0,4,103.4,0,20100.0,1,4,2,5,316400.0
0,20,1,1,1,1,121.3,0,13500.0,3,2,1,2,96300.0
1,23,1,2,0,4,108.0,0,37200.0,4,4,2,2,259600.0
0,42,3,2,1,10,113.6,0,87100.0,4,5,1,4,653700.0
0,31,2,1,1,2,146.2,2,2300.0,1,1,3,2,161700.0
0,38,3,1,0,2,82.6,0,4400.0,2,3,5,4,91300.0
1,20,2,2,2,6,150.1,0,76400.0,5,3,5,2,917600.0
1,26,1,3,1,12,84.6,1,54000.0,2,3,4,4,776400.0
0,23,1,2,2,4,129.4,0,75400.0,5,4,4,2,731400.0
1,54,4,1,1,4,85.0,0,19100.0,3,1,2,5,269200.0
1,24,1,2,1,8,161.3,0,97700.0,3,4,4,3,554500.0
1,30,2,1,3,3,112.7,0,5500.0,4,4,1,3,323900.0
1,25,1,2,0,14,86.6,0,56500.0,2,5,5,1,532800.0
0,48,2,2,1,1,48.0,0,5800.0,1,5,5,3,296000.0
0,21,1,2,3,8,97.2,1,13800.0,5,4,3,4,1079400.0
1,56,4,2,1,10,61.3,1,89100.0,3,2,3,4,848700.0
1,55,4,2,1,6,105.4,0,15200.0,5,2,2,3,624400.0
1,24,1,2,1,1,113.1,1,5800.0,1,2,3,4,191900.0
0,53,4,1,2,5,126.4,0,10800.0,5,4,1,5,767000.0
0,63,5,2,3,8,108.8,1,47600.0,4,1,4,4,1642000.0
1,45,5,3,0,3,92.8,0,56200.0,1,2,4,5,322200.0
1,53,4,1,0,1,136.4,1,42100.0,1,5,2,5,140100.0
1,24,1,2,1,6,140.4,0,41600.0,5,3,4,5,315400.0
1,35,3,1,1,4,53.2,0,17000.0,5,3,5,2,363800.0
1,24,1,2,1,8,151.7,0,154800.0,3,4,4,1,782600.0
0,26,3,2,1,2,133.0,1,45800.0,5,3,3,4,463000.0
0,68,5,1,0,2,60.1,0,34200.0,1,4,5,2,221000.0
1,26,1,2,0,2,24.2,0,18600.0,5,3,3,1,148500.0
1,46,2,1,3,1,132.2,0,1100.0,3,1,3,2,211300.0
0,43,3,2,0,1,97.2,0,1500.0,2,1,2,4,176600.0
0,50,4,1,1,4,74.1,1,8400.0,4,1,2,5,509400.0
1,67,5,1,1,3,101.0,3,4100.0,1,1,5,2,227900.0
0,23,1,1,3,1,131.5,1,7500.0,3,2,4,1,427200.0
0,20,1,1,2,5,20.0,2,6100.0,4,5,1,1,497300.0
1,34,1,2,2,10,94.4,0,75900.0,5,1,4,1,691300.0
1,27,2,2,0,6,92.0,0,1200.0,5,2,5,2,293300.0
1,23,1,1,2,7,142.4,0,32100.0,2,4,1,1,484400.0
0,37,2,1,1,1,119.0,3,17700.0,5,3,3,3,229400.0
1,47,3,1,1,3,118.7,1,14600.0,4,3,3,1,305200.0
0,32,3,2,1,10,74.5,0,3300.0,3,2,1,1,539500.0
0,28,1,2,2,4,113.4,0,41200.0,2,3,3,2,496700.0
1,42,3,1,2,2,73.0,0,26000.0,4,1,4,4,304500.0
1,20,1,2,3,4,86.2,0,4000.0,3,3,2,2,726200.0
1,21,1,1,3,5,110.1,1,100.0,4,1,4,2,811900.0
1,45,5,3,1,6,93.0,0,54200.0,5,1,3,3,1278200.0
1,31,3,3,1,3,101.1,2,17300.0,4,3,2,4,669800.0
0,45,2,2,0,6,136.0,2,31700.0,2,2,4,2,283600.0
0,20,1,3,3,9,77.2,2,106500.0,4,4,3,3,1881100.0
0,40,4,2,0,2,53.7,2,13300.0,1,2,4,2,298300.0
0,34,1,2,3,10,58.3,0,76200.0,5,5,3,3,1408600.0
1,38,4,2,1,4,50.6,3,42100.0,4,5,5,5,582600.0
0,37,4,1,1,4,146.3,0,17600.0,3,1,1,1,1080200.0
1,52,3,1,0,5,112.9,2,2300.0,5,1,3,1,247100.0
1,32,4,1,1,4,127.5,0,32200.0,3,2,4,2,252600.0
1,30,2,2,3,10,121.2,0,52700.0,2,2,3,3,966200.0
1,62,6,1,0,4,83.1,0,57900.0,1,1,3,5,271800.0
1,40,3,1,1,4,147.0,0,2800.0,4,4,4,1,278200.0
1,37,2,2,0,4,65.8,2,15400.0,5,4,4,2,305500.0
0,40,3,1,1,6,160.4,1,600.0,4,5,2,2,424100.0
1,34,3,2,0,1,94.3,0,34000.0,4,4,3,3,155400.0
0,28,1,3,1,3,152.6,0,100.0,5,3,5,4,352800.0
0,36,2,2,3,1,53.3,1,109100.0,1,1,1,2,743200.0
1,53,4,2,1,4,74.9,0,54900.0,1,2,3,5,631800.0
0,58,4,2,1,2,33.9,1,11100.0,2,1,4,5,568000.0
1,38,2,2,1,4,126.5,0,1800.0,5,3,2,4,369600.0
1,31,2,1,0,8,98.9,0,10500.0,5,4,3,5,269300.0
1,25,1,3,1,15,160.6,2,157800.0,3,1,5,3,1380600.0
0,63,4,1,1,2,73.1,0,2000.0,3,3,4,2,213700.0
0,67,4,1,1,1,136.8,0,1300.0,3,4,5,3,124700.0
1,46,2,2,2,4,92.8,2,108400.0,1,5,5,4,818400.0
1,46,3,1,1,5,86.7,2,32800.0,2,5,1,4,550400.0
1,48,5,1,2,5,79.9,3,29000.0,2,5,1,3,909200.0
1,34,1,1,3,2,60.4,0,12300.0,4,3,3,1,333800.0
1,25,3,1,0,4,103.1,0,32900.0,2,3,1,4,185600.0
0,30,3,1,1,1,97.4,0,24500.0,3,2,3,2,116800.0
0,45,3,1,1,1,35.0,0,4900.0,5,2,3,4,88100.0
1,41,3,2,0,2,20.0,1,9000.0,4,5,4,3,890300.0
0,35,3,2,2,10,79.0,0,20600.0,1,1,4,3,1309800.0
0,58,3,1,2,2,130.7,0,3900.0,2,4,2,5,270900.0
1,27,1,2,1,8,97.8,2,202300.0,5,2,1,1,601000.0
1,38,3,1,1,4,44.4,2,13200.0,3,4,2,3,400400.0
1,47,3,1,0,5,27.9,0,13700.0,1,1,5,5,186500.0
1,42,4,1,1,4,130.4,0,3100.0,1,5,3,5,468800.0
0,47,2,2,2,6,32.1,1,34800.0,2,4,3,2,876300.0
1,25,2,1,1,3,116.6,0,8500.0,5,5,4,5,207100.0
1,25,1,2,1,6,109.9,1,2800.0,3,4,5,1,570800.0
0,45,3,2,2,10,147.2,2,45900.0,3,1,3,2,1195900.0
1,32,2,2,1,8,68.0,0,4500.0,3,2,3,3,715900.0
1,20,1,2,1,6,122.9,0,97100.0,3,3,5,3,389400.0
1,43,4,3,1,6,139.0,0,70500.0,2,5,5,5,575500.0
1,35,2,1,1,4,43.2,1,31900.0,2,2,3,4,381100.0
1,41,4,1,2,5,94.7,0,2000.0,5,4,5,1,539000.0
0,46,3,2,3,2,88.6,1,15900.0,4,2,1,1,840200.0
0,26,1,2,0,10,52.8,2,18500.0,2,3,5,5,307400.0
1,23,1,1,3,5,99.3,0,8200.0,3,5,2,1,705400.0
1,43,2,1,1,2,49.1,2,5100.0,5,5,2,2,295100.0
1,30,2,2,2,4,103.4,0,14200.0,3,2,3,5,679100.0
1,41,3,1,3,2,166.1,2,4200.0,2,1,3,4,756400.0
1,48,4,1,1,2,82.9,0,7300.0,5,4,4,3,162700.0
1,47,4,3,2,12,86.7,0,20100.0,3,2,5,1,1444700.0
1,67,4,2,0,6,139.6,0,16100.0,4,1,2,3,1702200.0
1,38,2,2,0,2,134.1,0,62100.0,1,5,4,4,198600.0
1,36,2,2,2,10,68.4,0,44900.0,1,4,3,4,1266600.0
1,38,2,3,3,6,114.1,2,76700.0,3,5,1,2,1583400.0
1,21,1,1,3,3,20.0,0,9900.0,1,3,5,4,442200.0
0,35,1,1,1,1,54.9,2,16200.0,4,1,4,4,708500.0
0,22,3,2,1,2,127.4,0,68500.0,4,3,1,1,358300.0
0,55,5,2,1,6,72.1,0,7300.0,3,3,3,3,506000.0
1,32,2,1,5,2,83.0,0,65100.0,4,3,2,1,422700.0
0,37,2,4,1,8,57.6,3,21900.0,1,1,4,1,924900.0
1,33,2,1,2,3,52.0,0,900.0,3,4,4,5,239800.0
1,25,2,1,1,2,20.0,0,4600.0,1,5,3,5,105400.0
0,28,1,1,1,3,77.3,2,5400.0,4,4,3,2,302600.0
1,31,1,1,1,5,106.3,0,3100.0,4,4,2,2,273300.0
0,21,2,2,4,6,98.6,1,73900.0,5,4,2,4,1210300.0
0,36,2,3,1,15,60.9,0,29500.0,2,5,2,2,860600.0
1,51,4,1,3,4,40.0,0,800.0,2,5,1,2,781500.0
0,51,4,3,0,12,76.9,0,68200.0,3,1,1,4,2587500.0
0,43,3,2,1,8,43.5,2,56600.0,1,2,3,3,852100.0
1,28,1,2,2,4,63.1,2,4900.0,2,5,4,4,608100.0
1,57,4,2,2,4,94.5,0,65900.0,3,5,1,4,989800.0
0,51,4,1,3,5,59.5,0,6100.0,4,2,3,3,536100.0
1,27,1,2,0,10,135.0,0,84000.0,2,5,1,4,368400.0
0,43,4,1,0,1,53.4,0,1600.0,1,4,2,5,80900.0
0,21,1,2,1,6,68.8,0,17900.0,5,5,3,2,387900.0
1,46,2,1,0,8,119.7,0,1400.0,5,1,2,4,236400.0
1,65,6,2,4,6,114.2,0,39400.0,2,5,5,1,2201400.0
1,24,2,2,1,12,108.1,0,29300.0,5,2,4,2,792200.0
1,50,5,1,1,1,67.7,1,26300.0,3,4,2,5,239500.0
1,31,2,1,0,3,110.4,2,1000.0,1,2,4,5,208500.0
1,67,5,2,1,4,117.7,0,74300.0,4,5,3,4,588900.0
0,30,3,2,1,2,105.5,1,10000.0,1,5,5,3,450500.0
1,52,5,1,0,2,88.9,0,4100.0,4,1,4,1,180400.0
0,21,1,2,1,6,110.2,0,37100.0,5,4,1,4,2456800.0
1,34,4,1,1,4,87.3,1,21200.0,3,5,3,3,415500.0
0,23,1,1,5,2,104.1,1,45300.0,4,1,5,5,550700.0
0,66,7,1,1,2,92.6,0,8400.0,5,1,1,2,175000.0
1,44,4,1,1,3,37.1,0,21200.0,4,2,1,5,232600.0
1,57,5,2,5,10,69.6,2,23700.0,2,4,5,4,2531800.0
1,53,6,3,2,9,162.8,0,262700.0,1,3,2,3,1698600.0
0,25,2,1,5,3,22.2,0,17600.0,3,1,5,4,683400.0
0,33,2,2,4,4,144.3,1,104800.0,5,3,5,5,1207200.0
0,21,1,1,1,1,111.9,0,8700.0,3,2,5,1,76900.0
0,20,1,2,2,6,91.2,0,98700.0,1,1,4,5,930900.0
1,20,1,1,0,4,31.2,2,9600.0,4,4,2,4,188200.0
1,37,3,2,1,4,90.0,0,49300.0,4,3,3,3,418300.0
1,23,1,3,2,3,63.9,0,29900.0,3,4,1,4,561600.0
0,24,1,1,1,5,131.6,0,29900.0,4,3,4,2,367000.0
1,27,1,2,2,4,66.7,0,4500.0,4,2,2,2,674200.0
1,26,2,1,2,2,80.3,0,4200.0,4,1,5,3,177100.0
1,67,4,1,1,5,98.6,0,500.0,2,1,4,5,231000.0
1,47,3,1,3,1,67.4,0,60900.0,5,2,4,4,224600.0
0,65,5,1,1,3,123.6,0,4000.0,5,5,1,2,356300.0
0,31,3,1,1,6,79.6,0,6900.0,1,3,3,1,588900.0
0,25,1,1,3,4,24.2,0,4800.0,4,3,2,2,452700.0
1,40,4,1,1,6,95.3,0,600.0,3,5,2,5,279300.0
0,20,1,1,2,1,118.3,0,4500.0,4,2,2,3,109900.0
0,22,1,2,1,6,140.3,0,152100.0,1,4,5,1,694100.0
0,22,3,3,1,15,109.3,0,131600.0,4,4,5,4,1899200.0
0,24,1,1,2,3,130.4,1,51100.0,2,2,4,4,583300.0
1,20,1,1,1,4,107.2,1,18000.0,1,4,3,3,418000.0
1,35,1,1,1,1,56.4,0,18400.0,5,2,1,1,117400.0
1,46,3,2,0,14,62.7,0,188100.0,5,3,1,1,903900.0
0,22,1,2,3,4,20.0,0,32900.0,2,3,3,1,769900.0
1,23,1,1,0,4,82.4,0,35800.0,5,5,2,3,153200.0
1,42,2,1,3,4,112.8,0,48900.0,2,2,3,3,664300.0
0,20,1,1,1,1,34.8,0,1600.0,5,4,1,4,97200.0
1,37,3,1,1,3,135.3,0,31800.0,5,2,5,2,344300.0
0,51,5,3,3,9,86.4,2,95000.0,4,1,3,5,2618800.0
1,20,1,3,0,18,58.6,1,62900.0,1,5,4,4,734500.0
1,27,1,1,1,4,34.6,2,6400.0,5,1,5,1,358100.0
0,36,2,2,2,6,148.1,0,72500.0,1,5,4,2,736300.0
0,26,1,1,2,3,131.4,0,13700.0,1,5,4,5,223500.0
1,33,2,1,1,3,75.9,0,1700.0,5,5,3,1,194900.0
1,48,3,2,1,6,122.5,2,42600.0,1,1,4,3,647000.0
1,25,1,2,2,8,82.7,0,40200.0,2,5,2,2,764800.0
1,31,2,1,2,3,68.8,0,0.0,3,2,3,3,311400.0
0,30,2,1,2,1,67.1,0,8000.0,2,2,1,5,103500.0
0,20,3,2,1,8,81.9,1,26300.0,5,1,2,5,850800.0
1,38,2,2,5,10,76.1,0,35800.0,2,3,5,1,2278000.0
0,23,1,2,1,10,92.2,0,38100.0,3,3,3,3,844100.0
1,34,3,1,0,3,146.3,3,75700.0,2,1,1,4,264500.0
1,22,1,1,1,3,169.7,0,30700.0,1,5,1,4,259600.0
1,33,2,3,0,15,47.9,0,44300.0,5,5,3,3,497200.0
0,27,1,2,0,6,106.1,0,147200.0,1,5,2,5,297900.0
1,43,2,1,1,2,97.3,1,7200.0,1,1,1,2,222200.0
1,28,1,2,0,6,108.6,0,14300.0,5,5,3,3,320400.0
1,38,3,2,2,2,74.2,0,10800.0,5,2,3,1,595800.0
1,35,1,1,0,4,109.0,1,700.0,4,5,4,4,148400.0
0,41,3,1,1,5,41.7,0,5700.0,3,1,3,1,446100.0
1,36,3,2,0,6,208.4,2,31400.0,1,5,1,2,313500.0
1,48,4,2,0,6,100.2,0,12200.0,1,2,4,4,273900.0
0,45,3,2,1,2,115.6,0,229600.0,5,1,1,4,473600.0
0,52,5,3,1,6,50.9,0,9400.0,5,3,2,4,713000.0
0,26,1,1,4,2,65.7,1,43300.0,2,1,2,1,642100.0
0,34,2,1,3,6,38.6,1,63700.0,1,4,1,5,1335400.0
0,50,4,3,3,15,141.0,0,31300.0,1,3,5,1,2883500.0
1,62,5,1,0,4,51.2,0,19600.0,5,3,5,5,273100.0
0,54,6,2,1,12,83.4,2,28900.0,1,1,5,3,1378100.0
0,36,1,2,0,8,84.9,0,41400.0,3,4,1,4,306500.0
1,22,1,2,2,2,106.6,0,55000.0,4,3,3,1,543600.0
0,35,2,1,0,6,44.8,3,8300.0,5,5,4,2,318400.0
1,44,3,2,1,4,120.1,1,59800.0,5,4,3,2,688400.0
0,30,1,2,1,4,133.6,0,111700.0,1,4,1,5,360200.0
0,35,2,2,1,6,66.9,2,130700.0,4,1,3,5,722600.0
1,47,4,2,5,10,88.7,0,80200.0,4,1,2,4,1957800.0
1,30,2,1,2,3,111.9,0,33000.0,5,1,4,5,346200.0
1,51,4,1,2,3,98.9,1,3200.0,5,4,1,2,373300.0
1,33,2,1,1,1,55.0,0,4800.0,5,2,4,1,96000.0
1,21,1,1,3,2,114.5,2,1700.0,3,1,5,1,518300.0
0,38,2,3,1,9,142.9,1,43700.0,1,2,5,5,1308100.0
0,47,4,2,3,2,142.8,0,17300.0,3,3,2,5,850200.0
1,27,3,2,1,2,110.1,2,84700.0,5,5,1,2,498700.0
1,23,1,2,1,8,116.8,0,126200.0,4,5,5,3,661700.0
1,54,4,1,2,2,76.4,0,20700.0,1,2,4,1,395800.0
0,23,2,4,1,16,57.9,2,59500.0,1,4,4,5,1286700.0
0,38,2,1,3,4,87.6,2,40900.0,5,5,2,4,867600.0
1,31,2,1,4,1,169.3,0,11200.0,5,2,5,5,211400.0
0,37,2,2,1,6,71.4,0,77100.0,5,1,3,5,528400.0
1,41,4,2,1,6,105.2,0,1000.0,5,2,5,1,3840100.0
1,20,1,3,1,3,103.2,0,61500.0,5,3,2,5,2025300.0
1,32,3,1,3,3,76.9,0,6500.0,5,2,5,4,430300.0
1,38,3,3,1,6,141.9,0,24500.0,1,1,1,4,687200.0
1,42,3,1,0,5,145.6,0,32100.0,3,2,2,4,237100.0
0,28,2,1,1,5,183.3,1,22200.0,4,1,3,2,1468600.0
1,36,3,2,0,12,62.1,0,9200.0,5,1,4,4,601500.0
1,20,1,2,2,6,104.2,0,27800.0,4,3,5,1,853000.0
1,24,1,2,1,4,93.1,2,73700.0,1,3,4,3,564000.0
0,28,1,2,1,2,66.0,0,101900.0,4,5,2,5,316300.0
1,22,1,2,2,4,66.7,1,119000.0,1,1,4,5,792900.0
0,48,3,2,0,2,95.8,0,45400.0,2,1,1,5,251200.0
0,24,1,3,0,9,73.7,0,38800.0,3,1,2,4,358400.0
1,58,4,2,1,8,55.7,0,113200.0,2,5,2,4,1003500.0
0,65,6,3,1,12,94.3,0,49700.0,1,4,5,4,1780400.0
0,38,2,4,1,4,51.3,0,51900.0,2,3,2,3,681500.0
1,26,1,1,5,1,73.7,0,55500.0,1,3,1,3,165700.0
1,36,2,2,2,10,102.7,0,28000.0,2,1,5,3,1372400.0
1,47,3,2,3,6,85.3,0,39300.0,1,5,1,3,854800.0
1,36,2,1,3,1,81.0,0,10900.0,3,1,3,3,203900.0
1,28,1,2,1,16,153.3,3,25300.0,3,3,5,5,1219600.0
0,38,2,1,1,2,139.1,2,700.0,3,5,2,5,330300.0
0,55,5,2,1,10,92.9,2,24600.0,1,2,2,3,741400.0
1,46,4,2,2,6,54.5,1,17800.0,4,3,2,5,1563100.0
1,21,1,1,2,2,118.4,0,4500.0,2,2,3,3,200500.0
1,48,4,1,1,7,178.4,0,19500.0,2,4,1,3,694700.0
1,20,2,3,1,1,137.8,1,145100.0,2,2,2,3,695000.0
0,20,1,1,1,3,44.5,0,53300.0,2,5,4,5,217300.0
1,52,6,1,1,4,83.1,0,5600.0,3,2,2,2,322700.0
0,25,2,1,3,4,64.3,0,41800.0,4,4,5,2,338100.0
1,24,1,2,1,8,57.6,0,151900.0,2,3,5,2,663600.0
1,21,1,2,3,16,129.7,0,16100.0,4,4,4,1,1268500.0
1,58,3,2,1,8,129.0,3,36800.0,1,5,3,2,890900.0
0,43,2,1,2,2,152.1,1,18200.0,1,2,5,2,487000.0
0,33,3,2,3,2,113.7,0,28900.0,2,2,3,2,643400.0
0,44,3,2,3,4,88.4,0,63400.0,5,5,3,4,853900.0
1,27,2,1,0,1,96.6,0,19400.0,3,1,4,3,95000.0
1,33,3,2,1,8,58.3,0,57500.0,2,5,5,5,907100.0
0,34,2,2,1,6,138.0,2,28900.0,3,5,2,4,586000.0
0,23,2,2,1,2,64.1,0,22400.0,2,4,3,3,242800.0
1,35,1,1,1,3,75.7,1,18700.0,3,4,3,2,212800.0
0,52,4,1,3,6,79.4,0,43800.0,5,5,5,2,1000100.0
1,27,1,1,0,4,20.0,0,51200.0,5,3,5,4,131000.0
1,25,1,1,1,1,120.4,1,26300.0,1,2,4,5,215200.0
0,24,1,2,0,2,56.8,1,107300.0,2,5,1,4,208200.0
0,21,2,1,3,3,114.1,1,1800.0,5,1,1,4,705000.0
1,56,5,2,4,6,74.3,3,16700.0,5,2,1,3,2266000.0
0,31,2,1,1,7,74.0,1,4400.0,2,3,3,1,409100.0
0,30,3,1,0,5,51.1,1,12400.0,2,5,4,5,232100.0
1,46,4,2,2,14,138.6,1,37400.0,1,3,1,5,1889500.0
1,24,1,1,2,3,146.4,0,6400.0,5,2,5,4,305500.0
1,30,1,3,1,6,125.0,0,48900.0,3,1,3,4,558600.0
1,33,4,1,3,4,99.3,0,29000.0,2,2,3,2,843400.0
0,33,2,1,4,2,94.8,0,22000.0,2,2,5,4,451700.0
0,66,4,2,1,12,128.0,1,59500.0,2,5,4,3,1673900.0
1,48,3,2,1,6,85.6,0,20700.0,2,2,4,2,572600.0
1,31,3,1,1,1,136.1,0,62500.0,5,5,1,1,182900.0
1,40,3,1,1,2,56.3,2,7600.0,3,5,5,3,212800.0
1,21,1,2,1,12,124.4,0,73800.0,1,3,2,5,995400.0
0,26,1,4,1,16,135.0,0,54500.0,4,1,4,5,1425100.0
1,25,3,3,0,9,51.6,0,57200.0,5,5,1,3,429000.0
0,33,2,1,1,4,60.6,1,6500.0,5,4,3,4,366500.0
1,30,2,4,0,12,88.4,0,26800.0,4,3,4,4,393600.0
0,30,4,1,1,4,104.8,2,5500.0,4,5,2,4,555300.0
0,54,3,1,1,2,68.4,0,1700.0,2,5,3,5,169800.0
0,30,4,2,1,14,93.2,2,1200.0,3,3,3,3,1565800.0
1,36,4,1,1,3,20.0,0,8300.0,5,2,5,4,207600.0
1,20,2,1,1,4,116.8,0,15700.0,5,5,5,2,299400.0
1,20,1,1,2,6,118.4,0,10900.0,1,1,4,5,495600.0
1,31,2,1,1,4,143.2,0,7100.0,4,5,2,3,291000.0
0,32,3,2,5,4,110.1,0,1400.0,4,3,5,3,1397500.0
0,40,5,2,1,12,77.0,0,122500.0,5,4,1,3,1513400.0
1,28,1,1,1,2,54.5,0,27400.0,4,3,3,3,184900.0
0,27,2,2,0,6,61.5,2,21000.0,2,3,1,1,331400.0
1,34,2,3,2,6,86.9,0,22400.0,1,1,3,2,1038800.0
0,21,1,2,3,8,60.4,3,37600.0,5,2,1,1,1141800.0
1,24,1,1,3,6,63.1,2,100.0,1,1,3,4,982800.0
0,45,4,4,5,8,88.7,0,300.0,2,1,5,1,9986100.0
1,20,1,2,1,4,33.6,0,1600.0,1,5,1,1,373900.0
1,33,2,1,1,6,55.3,0,11900.0,4,4,4,5,270500.0
1,28,3,1,1,2,97.6,1,35300.0,5,3,4,3,212100.0
0,21,1,1,1,1,99.3,2,27300.0,1,1,2,1,93000.0
1,34,2,2,0,12,120.3,0,117700.0,3,1,2,3,417700.0
1,40,3,1,3,4,95.4,0,11000.0,5,2,2,2,412800.0
1,33,2,2,3,8,91.1,0,42000.0,1,2,1,1,1362400.0
1,43,4,1,1,2,112.3,2,65700.0,5,4,3,5,332500.0
1,25,3,3,1,3,96.7,1,2900.0,1,3,2,5,717000.0
1,48,3,1,0,4,56.0,2,9400.0,1,1,5,4,229800.0
1,22,2,3,2,15,62.0,1,8000.0,4,5,4,1,1676600.0
1,48,2,3,1,15,148.7,0,1600.0,1,2,4,2,1338100.0
1,35,2,1,3,2,202.6,2,6000.0,3,1,5,3,309300.0
0,56,4,2,2,4,115.8,2,800.0,4,5,4,1,1122300.0
0,31,1,1,1,3,54.7,0,13300.0,3,1,1,4,171100.0
1,25,1,3,1,20,156.5,0,20500.0,3,4,5,5,862900.0
1,25,1,2,0,6,74.9,0,23100.0,2,4,1,1,309300.0
1,41,2,1,3,5,104.9,1,40800.0,3,5,4,4,680100.0
1,31,2,1,1,4,89.3,0,6100.0,1,2,5,2,270000.0
0,41,3,1,5,2,96.5,0,14100.0,5,4,5,3,564700.0
0,20,1,3,1,1,74.6,0,51000.0,4,2,5,2,526400.0
1,34,4,2,2,8,135.4,0,65800.0,4,5,4,2,1077500.0
0,27,1,2,0,1,83.5,0,95800.0,4,5,4,3,241900.0
1,61,5,1,1,1,111.4,0,9500.0,5,1,4,1,165700.0
0,44,5,1,2,1,110.7,2,27000.0,3,5,2,3,424300.0
1,57,5,4,2,20,86.1,0,35700.0,2,1,2,4,3324700.0
1,24,1,1,2,2,37.3,1,15000.0,1,2,3,2,259300.0
1,31,1,3,1,20,61.0,1,103900.0,4,1,5,3,1614100.0
1,42,4,1,4,4,114.9,0,12200.0,1,2,4,5,794700.0
0,25,1,1,5,6,100.8,0,41200.0,3,4,5,3,1261300.0
1,54,5,2,0,10,61.5,0,46900.0,2,2,1,3,559300.0
1,53,5,4,3,4,91.5,0,69100.0,4,3,1,4,1983800.0
0,53,4,3,1,12,97.3,2,5200.0,3,1,4,2,1421600.0
1,44,5,1,2,3,110.4,1,19200.0,2,4,2,4,650100.0
1,21,1,1,1,5,153.7,0,2200.0,4,2,3,4,309300.0
1,28,1,2,4,2,20.0,2,62200.0,3,5,2,5,711800.0
1,61,6,2,0,6,132.4,2,11800.0,1,1,5,4,400700.0
1,21,1,2,1,10,97.6,2,18400.0,5,2,2,4,487300.0
0,48,4,1,1,3,53.9,0,14300.0,4,4,4,5,343700.0
1,42,5,3,1,1,95.8,1,18400.0,2,5,2,1,737600.0
1,36,3,2,1,4,140.6,0,40700.0,2,1,1,4,369800.0
0,63,5,2,0,4,151.1,1,107600.0,5,4,4,3,509000.0
0,25,1,2,2,6,54.3,0,45800.0,5,5,4,4,739700.0
0,33,2,1,5,4,60.3,1,32100.0,3,3,4,2,843300.0
1,26,1,4,2,16,44.7,0,2700.0,5,5,2,3,1890200.0
1,30,2,2,3,6,98.2,1,58400.0,4,1,1,3,1412300.0
0,22,2,2,1,1,99.9,1,32700.0,5,3,2,1,484700.0
1,32,3,3,1,6,124.6,0,249500.0,4,2,5,2,1093500.0
0,40,3,2,1,4,105.4,0,90800.0,1,3,3,2,587300.0
1,55,4,2,0,18,121.3,1,99100.0,5,3,3,2,623500.0
1,28,2,1,3,3,41.5,0,4500.0,1,3,3,4,525900.0
1,37,2,1,0,5,151.3,0,20200.0,2,5,5,4,135100.0
1,56,4,1,3,3,135.4,1,8100.0,5,3,5,3,988300.0
0,27,2,1,0,4,71.5,2,2200.0,2,3,5,1,218200.0
0,25,2,1,2,2,62.4,0,4400.0,1,2,1,4,255600.0
0,28,1,1,0,1,116.1,0,16900.0,2,3,4,4,70100.0
1,32,3,1,0,1,35.3,1,6200.0,1,5,5,1,49900.0
1,28,1,1,2,1,64.3,2,13900.0,3,4,3,2,248900.0
1,63,7,1,1,2,54.0,0,3500.0,1,4,3,3,277900.0
1,36,1,1,2,5,86.6,0,8900.0,3,5,2,4,456700.0
1,38,1,2,1,6,74.5,0,64300.0,2,5,4,1,657000.0
1,21,2,2,0,6,62.5,2,181800.0,1,3,5,1,493900.0
1,31,2,1,3,2,59.1,0,3300.0,3,5,4,2,239100.0
1,48,4,2,1,2,67.6,0,38000.0,1,3,5,5,339700.0
0,42,4,2,2,6,48.3,0,3400.0,4,1,3,5,1071200.0
1,48,4,1,1,2,109.0,0,50200.0,4,2,4,5,310200.0
0,34,4,2,1,4,129.4,1,10300.0,2,2,4,5,721400.0
1,55,4,3,1,9,104.1,0,223300.0,4,2,5,4,1383000.0
1,41,4,2,1,2,138.4,0,30500.0,5,1,5,1,500300.0
0,47,2,1,1,1,60.6,0,1200.0,3,2,4,3,102600.0
1,28,1,2,1,6,63.8,0,73300.0,5,3,5,4,545900.0
1,21,2,1,1,3,105.5,1,4300.0,4,4,4,5,267300.0
0,25,1,2,2,10,110.0,0,177200.0,2,2,2,3,788400.0
0,45,3,4,2,8,90.5,2,15700.0,5,2,4,3,1817100.0
1,37,2,2,0,6,89.1,0,36400.0,2,3,1,5,264300.0
1,34,2,3,1,9,52.7,0,120000.0,1,3,4,3,844600.0
1,58,6,1,1,2,20.0,0,2000.0,5,2,2,4,211400.0
1,50,3,4,0,20,109.5,2,17000.0,1,5,2,2,1097000.0
1,58,4,2,1,10,124.4,0,14100.0,5,1,3,4,580300.0
1,26,2,1,0,3,74.7,1,4000.0,3,4,3,4,172100.0
1,43,3,2,5,2,70.7,0,800.0,2,4,1,2,777200.0
1,22,1,1,2,3,66.9,0,1100.0,1,1,5,5,166600.0
0,25,1,1,0,4,76.9,0,10400.0,4,2,5,5,159300.0
0,20,1,2,0,4,125.2,2,59800.0,5,2,2,2,226200.0
0,32,2,1,2,2,57.3,0,900.0,1,2,2,4,175100.0
1,31,3,2,1,6,112.6,1,51800.0,5,2,3,1,927600.0
1,48,3,1,2,2,72.6,2,15800.0,5,2,2,3,384900.0
1,22,3,1,3,1,20.2,0,13500.0,5,4,4,3,213300.0
0,41,4,4,1,4,78.0,0,64600.0,1,2,4,3,1060500.0
0,33,3,1,0,3,147.4,0,30200.0,1,3,1,1,170500.0
0,21,1,2,2,6,66.0,0,7400.0,5,5,4,4,539800.0
0,30,2,2,4,6,81.7,0,3100.0,4,2,1,5,1499700.0
1,25,1,2,1,1,90.3,0,1700.0,2,3,3,2,260300.0
0,37,4,3,2,12,96.9,1,9600.0,5,4,4,3,1920100.0
1,31,2,2,1,6,144.0,1,66000.0,4,3,1,1,802900.0
1,28,1,1,1,5,62.2,2,2900.0,2,1,5,2,301500.0
0,22,1,2,2,16,90.4,0,83700.0,5,1,1,4,991400.0
1,37,2,1,3,3,116.6,0,21600.0,2,3,4,1,273300.0
1,57,4,2,1,4,65.0,0,27400.0,5,2,1,1,577000.0
0,32,2,3,2,15,92.6,0,131600.0,1,2,3,2,2189700.0
1,42,2,2,0,6,124.4,0,164700.0,5,2,2,2,364000.0
1,45,2,2,1,1,71.8,0,152900.0,5,3,5,3,350000.0
1,50,4,2,1,8,83.9,1,102300.0,5,1,3,4,1150700.0
0,43,4,2,0,2,49.7,2,69900.0,5,1,5,2,327500.0
1,30,2,3,1,3,123.1,0,147000.0,4,4,5,3,697100.0
1,42,3,1,1,2,95.5,1,14800.0,3,1,1,3,322200.0
0,58,4,1,2,1,75.1,1,16200.0,4,1,2,2,309100.0
1,34,2,2,2,6,79.2,0,1500.0,4,5,1,1,860100.0
1,24,3,2,1,10,89.7,0,152800.0,1,1,1,1,788000.0
1,23,1,1,0,4,101.7,3,300.0,5,3,4,1,79000.0
0,42,4,1,1,3,67.2,1,36600.0,4,2,1,3,466500.0
1,44,4,1,5,3,69.9,3,6400.0,2,3,2,1,960500.0
0,23,2,3,1,12,80.8,0,114700.0,5,2,3,4,1302300.0
0,37,2,2,0,6,95.3,0,42300.0,1,2,1,1,388200.0
0,33,2,1,0,3,146.2,0,1200.0,1,4,2,1,183100.0
0,27,2,1,1,2,61.9,3,1300.0,2,1,1,3,112300.0
0,65,4,1,0,3,32.1,0,10100.0,1,4,5,5,124400.0
0,24,2,1,2,4,139.0,0,10700.0,5,2,1,4,257200.0
1,23,2,1,2,2,59.3,0,13000.0,3,5,4,3,219500.0
0,33,3,3,1,20,141.4,0,60200.0,3,5,5,4,1062700.0
0,43,2,4,1,8,133.5,0,65000.0,4,4,2,4,1176500.0
1,28,2,1,1,1,109.1,0,8500.0,1,4,1,1,123800.0
1,43,4,1,3,8,132.5,0,15500.0,5,1,5,4,764700.0
1,38,3,1,1,2,25.9,0,5500.0,2,4,5,1,204900.0
0,25,1,2,2,6,42.7,0,120000.0,2,4,3,4,650800.0
0,26,1,1,1,1,99.9,0,7500.0,5,3,5,5,98000.0
0,32,2,1,1,3,76.5,0,6000.0,5,4,2,4,169100.0
0,27,1,1,1,6,62.5,0,4100.0,2,4,1,2,495900.0
0,52,4,2,1,6,118.3,1,113500.0,1,3,5,1,1082900.0
0,40,5,2,1,4,99.0,0,900.0,4,2,2,5,371700.0
0,64,5,2,1,4,126.7,0,7600.0,4,2,3,1,623300.0
0,21,2,1,1,2,77.0,0,6100.0,4,3,1,5,135500.0
1,65,4,3,0,12,89.4,0,199300.0,5,1,4,1,906600.0
0,38,2,3,1,9,143.9,0,61800.0,2,4,5,2,1028600.0
0,30,1,1,1,1,45.1,0,33000.0,2,1,5,2,140800.0
1,23,1,1,1,5,87.0,1,12700.0,2,5,3,5,273400.0
1,20,3,2,3,4,59.4,1,221300.0,2,1,2,3,1229200.0
0,40,2,1,0,3,149.3,0,55100.0,2,4,3,1,168800.0
1,37,2,1,1,3,174.2,0,32500.0,3,2,2,3,270200.0
1,21,1,2,0,10,97.3,1,29000.0,5,4,1,4,455600.0
0,30,4,2,1,8,107.2,0,204700.0,5,4,5,2,1245700.0
1,27,1,1,1,6,86.4,0,3800.0,3,4,4,1,197800.0
1,33,2,2,2,8,85.0,1,69700.0,4,1,3,2,1255500.0
0,32,1,3,1,3,92.9,0,15800.0,1,2,4,4,608200.0
0,43,3,1,1,4,42.8,1,15200.0,5,2,4,5,356100.0
1,44,3,2,3,4,113.1,0,26500.0,5,1,5,1,3079700.0
1,30,3,1,3,2,55.5,0,3000.0,3,1,5,1,312900.0
0,30,2,1,4,5,77.6,2,18300.0,5,1,4,1,912000.0
0,32,2,2,2,4,91.2,0,29000.0,5,5,1,5,677200.0
0,45,3,1,3,2,63.3,0,6500.0,4,5,4,2,236500.0
1,20,1,1,1,1,110.9,0,9900.0,3,4,2,5,107400.0
1,21,1,1,0,4,73.4,0,26800.0,5,5,2,2,166700.0
0,26,3,2,0,4,127.3,0,82100.0,2,1,2,1,336400.0
1,30,3,2,2,8,59.5,0,63500.0,3,1,2,5,1181700.0
1,36,3,1,3,1,84.2,3,8000.0,4,1,3,4,647700.0
0,53,5,2,0,6,52.5,2,107000.0,1,2,1,5,549800.0
0,25,1,1,1,6,124.4,0,93700.0,5,2,3,2,283400.0
1,37,2,2,2,6,79.1,2,22700.0,2,5,3,1,865700.0
1,48,2,1,3,1,70.5,0,6200.0,2,3,2,2,167400.0
1,45,3,2,1,8,83.4,0,173500.0,1,3,1,3,985900.0
1,38,1,4,4,1,86.2,0,1400.0,3,1,1,1,727600.0
0,33,2,3,1,6,104.2,1,94900.0,4,2,4,4,947600.0
1,25,2,1,1,4,108.9,0,31400.0,5,4,3,4,352400.0
1,57,5,3,1,3,84.7,0,12300.0,5,5,1,3,766100.0
0,28,2,1,1,3,88.6,1,14000.0,5,2,5,2,385000.0
0,52,6,3,0,15,20.0,0,3700.0,2,1,3,4,1071200.0
0,41,2,1,2,2,74.2,0,5700.0,3,1,1,2,261900.0
0,35,1,1,2,1,140.1,0,26300.0,1,3,5,1,165100.0
0,23,2,1,2,5,105.7,0,16000.0,3,1,5,5,382800.0
0,30,2,1,1,1,52.4,0,21400.0,4,1,5,1,110800.0
0,37,2,2,1,4,76.4,0,48800.0,4,4,2,2,378500.0
0,28,1,3,1,6,69.1,0,100100.0,1,5,4,3,576200.0
1,48,3,2,0,4,127.5,0,111800.0,2,4,4,1,362100.0
1,61,5,2,1,4,123.9,0,15900.0,1,3,1,4,727800.0
1,38,2,2,0,2,62.7,3,36900.0,4,2,1,1,154800.0
1,46,3,1,0,2,90.3,0,1300.0,2,3,4,1,94300.0
1,24,2,1,2,3,50.3,1,1700.0,3,1,5,1,507500.0
0,36,2,1,0,3,68.1,1,77200.0,4,5,1,3,272300.0
1,28,1,1,4,1,69.4,0,53300.0,2,1,2,2,223900.0
1,37,2,1,1,5,65.4,0,22200.0,2,5,2,3,200700.0
1,55,4,1,5,7,102.8,0,9900.0,5,5,4,4,1378000.0
1,43,4,1,0,3,137.2,1,10600.0,3,5,1,2,190600.0
0,20,2,1,1,1,87.9,0,4500.0,2,2,1,4,145800.0
0,35,3,3,1,9,53.1,0,28600.0,1,3,5,2,1061000.0
0,32,2,1,2,1,97.3,0,8500.0,3,2,1,2,114600.0
1,35,2,2,1,6,97.3,0,8700.0,3,2,4,1,508500.0
1,45,3,2,1,6,83.4,0,21900.0,4,2,1,1,760200.0
0,43,3,2,3,2,155.1,2,56300.0,3,4,1,3,767400.0
1,31,2,1,1,5,98.5,0,16400.0,3,4,2,2,369500.0
1,38,2,1,0,4,110.1,0,10900.0,5,4,4,4,135100.0
0,21,1,1,1,1,20.0,1,29700.0,3,2,3,1,115600.0
0,22,2,1,2,3,56.3,1,6900.0,2,1,4,4,464300.0
0,30,1,1,1,1,108.0,0,7900.0,1,4,4,1,105800.0
0,36,3,2,1,20,99.9,0,77400.0,5,4,3,2,1919900.0
0,40,2,2,0,1,76.8,0,36700.0,5,2,3,4,196200.0
0,48,2,2,1,8,105.9,0,12700.0,5,3,2,3,543400.0
0,20,3,1,2,3,122.5,0,17400.0,5,1,5,3,305200.0
0,34,4,1,1,3,73.5,0,8000.0,4,5,4,3,342700.0
1,26,1,2,1,1,68.2,0,16900.0,5,5,4,1,167900.0
0,22,1,1,0,1,81.0,2,14300.0,4,1,4,1,64500.0
1,48,3,2,1,8,107.4,0,57100.0,4,2,4,3,565500.0
0,27,1,2,0,14,70.0,0,16200.0,3,3,2,4,402200.0
1,32,3,1,1,1,119.9,3,21700.0,1,3,4,1,180700.0
0,24,3,1,1,1,73.1,1,15500.0,3,5,3,3,137800.0
0,56,4,2,3,4,70.4,0,18500.0,4,3,3,1,864600.0
1,33,2,1,0,4,172.1,0,20800.0,3,5,1,5,210200.0
1,24,1,1,1,2,46.8,2,1000.0,2,4,2,4,250900.0
1,32,2,1,1,3,117.4,0,1800.0,5,2,1,2,220800.0
0,48,5,1,1,3,26.8,1,15700.0,5,3,4,4,450800.0
0,58,5,2,3,2,113.0,2,16400.0,4,2,2,2,1034300.0
1,26,1,2,1,6,184.2,0,7500.0,3,4,2,3,589700.0
1,51,4,1,0,2,127.0,1,23600.0,2,1,5,1,734200.0
1,56,4,3,2,12,136.8,3,16600.0,2,1,5,3,2546400.0
1,56,3,3,1,12,86.6,0,29200.0,2,1,1,2,822200.0
0,44,4,3,0,6,123.0,0,157500.0,4,5,1,5,646900.0
1,38,2,2,1,2,98.7,2,16600.0,3,5,3,2,528300.0
0,32,2,1,1,3,160.9,0,19300.0,2,1,3,1,180200.0
0,43,3,1,1,2,51.3,1,17900.0,2,4,3,5,314400.0
1,30,3,2,0,10,131.6,0,21600.0,3,5,2,1,434200.0
1,45,2,2,1,6,105.0,0,69200.0,3,1,4,5,2485700.0
0,33,3,2,1,6,58.1,0,33900.0,5,2,1,1,488900.0
0,40,4,4,1,20,80.4,0,13100.0,1,1,3,2,1616100.0
1,41,5,2,4,8,34.0,0,79500.0,1,1,2,2,2545100.0
0,22,1,1,0,2,20.0,0,37600.0,2,2,5,2,114900.0
1,48,3,1,4,4,48.0,0,21900.0,3,5,4,2,667000.0
0,37,2,1,1,3,76.4,0,13200.0,5,2,5,5,281400.0
1,56,4,2,2,6,92.8,2,36800.0,4,5,5,4,1388300.0
1,33,2,2,1,12,44.2,1,68300.0,1,4,4,4,1221400.0
0,30,2,2,1,4,78.9,0,36900.0,1,5,2,3,405700.0
0,57,4,2,3,1,98.3,0,54100.0,3,3,5,4,764600.0
0,23,2,3,3,9,69.8,0,54300.0,4,5,2,3,1128500.0
0,52,3,2,1,6,52.2,0,28000.0,1,3,5,2,658400.0
1,38,2,2,0,2,64.4,0,163100.0,5,5,3,1,300900.0
0,33,3,1,1,3,136.8,1,4800.0,1,2,4,4,295000.0
1,23,2,2,3,1,29.6,0,52300.0,3,5,1,4,454700.0
0,38,3,2,1,4,130.4,1,4500.0,3,1,4,2,534500.0
1,21,2,1,2,4,137.8,1,2300.0,4,5,5,2,670300.0
1,24,3,1,2,6,77.5,0,22500.0,1,2,5,4,772900.0
1,23,1,3,2,9,106.1,0,39600.0,4,2,3,2,1382700.0
1,28,1,1,1,3,62.7,0,7300.0,1,5,3,4,239400.0
0,64,4,2,1,1,99.4,0,73000.0,2,5,4,1,417900.0
0,68,4,1,4,7,167.9,0,10800.0,1,5,1,1,904700.0
1,38,2,2,1,6,134.5,0,183800.0,3,4,4,3,656200.0
1,41,2,2,2,8,72.4,0,13000.0,3,3,1,4,797000.0
1,38,2,1,1,5,43.8,0,20100.0,2,5,2,1,389400.0
0,42,3,1,2,2,79.7,0,14800.0,1,5,5,1,148100.0
1,43,2,4,1,1,99.6,0,17100.0,1,3,2,5,399400.0
1,50,6,2,1,2,115.3,0,163400.0,3,1,4,1,588100.0
0,30,1,3,2,3,86.2,0,29500.0,2,4,1,3,692700.0
0,40,4,1,1,2,152.5,0,3400.0,3,4,1,1,184800.0
1,28,1,1,2,2,91.1,1,79800.0,2,1,2,2,306100.0
1,67,7,1,1,3,73.4,1,9700.0,3,3,3,5,464000.0
1,24,2,2,1,4,108.4,0,106700.0,5,3,3,4,434300.0
0,34,3,1,1,3,114.5,0,17000.0,1,2,2,3,298000.0
1,48,4,1,1,3,63.3,1,12500.0,4,3,3,1,347500.0
0,42,2,1,1,6,57.1,0,82100.0,5,4,1,4,358000.0
0,22,3,1,2,4,32.5,0,3700.0,3,2,4,1,236100.0
0,56,5,2,2,8,79.9,1,60000.0,2,5,3,5,1783500.0
1,28,2,1,1,1,132.6,0,2000.0,4,5,1,4,123400.0
1,35,3,2,1,1,113.3,0,93900.0,2,5,4,2,385300.0
1,21,1,3,2,12,129.3,3,24200.0,2,2,1,2,1035900.0
0,20,2,1,2,2,67.1,0,100.0,1,4,5,4,280200.0
1,31,2,2,2,14,84.3,2,3100.0,3,3,4,2,1832400.0
0,30,2,4,2,12,23.3,0,3900.0,1,2,5,3,1672100.0
1,28,1,3,1,3,125.3,0,72500.0,2,4,3,5,421500.0
1,27,3,1,1,1,137.0,0,6000.0,1,3,3,3,116300.0
0,36,1,1,1,4,52.7,1,2000.0,5,1,1,4,325600.0
1,42,3,1,0,3,146.9,0,38200.0,2,4,2,3,181100.0
0,57,4,2,2,8,81.8,0,18900.0,2,1,1,5,1110900.0
1,21,2,2,0,6,52.1,1,800.0,5,5,5,5,328500.0
1,31,2,2,3,4,78.9,0,42700.0,2,5,4,4,800800.0
0,22,1,1,2,1,112.0,0,5900.0,4,4,2,3,141200.0
1,26,1,1,3,1,88.1,0,3100.0,4,1,1,5,143400.0
0,40,4,2,3,6,69.8,1,51800.0,3,2,5,4,1184200.0
1,37,4,2,1,6,110.7,2,78300.0,3,3,5,5,604600.0
1,26,2,2,2,6,114.0,0,72400.0,1,5,3,1,902400.0
1,23,1,1,0,1,83.9,0,32600.0,1,5,1,1,85700.0
0,24,3,1,0,6,77.5,0,3000.0,5,5,1,5,166000.0
1,40,3,1,2,2,70.9,0,9000.0,5,5,5,4,304100.0
1,63,5,1,0,2,106.7,0,18600.0,2,4,1,1,185000.0
0,20,1,1,5,5,33.9,1,1100.0,3,4,3,5,1167300.0
0,20,1,1,2,4,63.3,3,7000.0,3,1,2,2,603900.0
1,50,5,1,2,4,84.3,1,12700.0,3,2,5,3,426800.0
1,56,4,1,1,2,62.4,0,6900.0,3,1,3,5,124300.0
1,36,2,1,2,8,98.9,0,9800.0,1,2,3,1,833200.0
1,23,1,2,0,10,95.7,0,8600.0,4,4,4,5,305000.0
1,21,1,1,2,5,176.8,0,6900.0,5,5,2,4,248400.0
0,32,2,2,0,14,63.4,0,26100.0,5,1,3,1,645100.0
0,37,2,2,2,4,89.6,0,6700.0,3,2,4,4,492500.0
0,27,1,2,1,4,56.5,1,20300.0,3,3,4,4,482700.0
1,35,3,3,0,9,157.9,0,12000.0,1,2,1,4,476500.0
0,28,2,1,1,6,149.5,2,33100.0,1,1,3,5,247100.0
1,48,4,2,0,4,35.1,0,179400.0,5,4,5,1,478500.0
1,23,1,3,2,18,84.2,0,23800.0,3,5,1,4,2231100.0
1,20,2,2,1,12,91.3,0,56800.0,3,3,2,2,685100.0
0,30,4,1,1,4,78.1,0,11400.0,5,1,5,3,444800.0
1,34,3,1,1,5,73.1,3,2600.0,1,4,5,5,424000.0
0,61,5,1,1,4,117.0,0,14300.0,5,2,4,2,374200.0
1,35,2,2,1,4,152.6,2,281600.0,1,4,3,1,759300.0
0,26,3,2,2,4,118.2,0,12500.0,1,4,4,3,655500.0
0,40,3,1,0,6,120.2,0,5700.0,1,5,4,4,241300.0
1,25,1,2,0,10,77.6,0,95600.0,3,1,3,2,447700.0
0,57,4,2,1,4,125.6,2,0.0,5,4,3,2,672500.0
0,34,1,1,1,2,125.5,0,6100.0,1,2,3,4,184300.0
1,36,4,2,1,8,73.4,2,18600.0,4,2,4,4,1116200.0
1,25,1,2,1,6,81.8,0,11200.0,1,5,3,2,637300.0
1,33,2,1,2,3,34.9,0,500.0,1,4,3,1,330300.0
1,46,4,2,0,12,42.7,0,204300.0,1,2,5,5,671000.0
1,48,3,1,1,3,74.8,0,26200.0,2,2,4,1,218300.0
0,26,1,2,1,8,52.6,0,14400.0,4,5,3,1,480600.0
0,24,1,3,1,12,118.2,1,7500.0,3,4,4,5,824900.0
0,46,4,2,4,8,84.4,0,27200.0,5,5,2,1,2319100.0
1,52,4,1,1,4,108.6,0,20900.0,5,4,1,3,414300.0
1,21,2,1,5,5,47.3,0,9800.0,5,2,5,4,695000.0
0,34,2,1,1,1,135.5,0,1400.0,3,1,5,2,132300.0
1,33,2,2,0,6,107.1,0,83500.0,1,2,4,5,393000.0
1,54,4,1,0,1,104.2,0,3100.0,4,1,3,1,59400.0
0,27,1,2,1,6,123.1,1,9200.0,5,4,4,2,470400.0
1,23,2,1,1,10,101.2,0,500.0,2,4,1,3,409500.0
1,48,4,1,0,3,54.5,1,5000.0,2,3,5,1,128200.0
1,26,1,1,1,3,111.9,0,14000.0,4,4,5,1,247300.0
0,36,2,4,1,8,62.4,0,112300.0,5,4,1,1,1047200.0
1,37,3,2,0,4,97.4,0,23400.0,1,3,4,3,245400.0
1,35,2,1,1,1,63.0,1,7400.0,5,1,5,4,86200.0
1,37,2,1,3,4,148.2,1,58100.0,1,4,3,2,733300.0
1,32,4,2,1,8,113.4,0,208800.0,5,5,4,1,1121300.0
1,20,1,1,2,5,125.3,0,24100.0,2,4,3,1,360700.0
1,35,4,2,1,12,63.4,1,2100.0,3,4,2,3,974600.0
0,40,3,2,1,4,100.5,2,124600.0,4,2,1,3,629600.0
1,48,4,2,1,4,96.7,1,38300.0,1,4,5,2,704800.0
1,21,1,2,1,4,93.9,0,27200.0,3,4,1,2,440800.0
1,21,1,2,1,4,22.2,0,25500.0,1,5,1,1,387700.0
1,26,1,3,1,3,158.7,1,54300.0,4,3,3,1,401800.0
1,31,2,3,1,6,88.7,0,45400.0,3,3,5,1,496200.0
1,37,2,2,0,8,107.6,0,64100.0,3,3,2,1,388500.0
1,45,3,1,3,4,44.0,0,3500.0,4,2,1,1,426600.0
0,26,1,1,1,3,141.2,0,21300.0,4,4,3,3,230500.0
1,26,2,1,1,2,138.3,2,16800.0,1,1,3,4,259700.0
1,35,2,2,1,4,119.9,2,110300.0,3,1,5,2,643600.0
0,48,2,2,3,4,99.5,0,65300.0,4,5,4,3,1008800.0
1,28,1,1,1,1,171.7,0,2300.0,1,2,4,5,117800.0
1,46,2,1,1,2,124.4,1,38100.0,5,2,2,5,208100.0
1,28,1,2,3,6,42.2,0,500.0,4,4,3,5,1002900.0
1,52,3,3,2,6,97.9,0,22400.0,3,1,4,2,1422700.0
0,52,5,2,0,6,110.4,0,3400.0,5,2,1,1,297500.0
0,20,1,2,0,10,93.7,0,39500.0,4,5,2,5,2001500.0
0,24,1,1,2,5,110.1,0,7300.0,2,1,1,5,495400.0
1,33,3,2,2,2,140.4,0,20200.0,3,2,4,4,399000.0
0,21,2,1,1,3,83.4,0,12500.0,3,4,3,3,281600.0
0,48,2,2,1,12,76.7,2,73200.0,1,4,4,2,769300.0
0,42,4,1,1,3,52.0,2,12400.0,2,4,2,2,200400.0
1,47,3,2,1,6,24.7,1,62100.0,4,4,2,4,645300.0
1,45,4,1,2,1,79.1,0,2100.0,2,1,1,5,94900.0
0,34,2,1,0,2,66.3,0,2100.0,4,1,1,4,87000.0
0,20,2,3,4,1,82.8,1,9200.0,1,2,2,1,1488200.0
1,43,5,1,2,2,69.5,2,21500.0,5,5,1,5,635000.0
1,32,2,1,1,4,52.4,0,6000.0,2,3,5,2,339300.0
0,40,3,2,1,10,70.7,0,3100.0,3,3,2,3,639300.0
1,24,1,2,0,12,108.0,0,10000.0,4,4,1,4,460600.0
0,25,1,1,1,6,71.3,0,2300.0,2,2,4,4,218900.0
0,61,4,2,2,12,83.4,0,37200.0,4,3,3,2,1966700.0
1,22,1,2,1,6,163.3,2,117300.0,2,3,5,5,828900.0
0,65,5,1,1,3,127.6,0,12800.0,3,3,5,5,309400.0
1,63,5,1,1,5,98.0,0,12100.0,4,3,3,5,539700.0
0,48,3,1,2,2,99.1,2,2600.0,4,3,3,3,546300.0
1,44,2,2,0,8,65.1,0,21000.0,5,2,4,3,359200.0
1,33,2,1,1,4,75.3,2,13100.0,1,3,3,5,318300.0
0,51,6,1,2,4,80.3,0,400.0,2,3,5,3,641600.0
1,25,1,2,1,10,93.7,2,88800.0,3,2,4,4,729300.0
0,31,2,2,2,8,88.5,0,42200.0,5,1,3,5,3340300.0
1,36,3,1,1,6,50.5,3,8100.0,5,1,4,3,638400.0
0,32,3,2,5,6,110.9,0,59200.0,1,1,4,4,1237000.0
0,38,2,1,0,1,69.9,0,31400.0,3,3,1,4,114800.0
0,34,3,1,1,2,157.3,0,15400.0,2,2,3,3,208000.0
1,37,2,2,0,10,133.7,0,700.0,4,1,1,5,488500.0
1,55,5,3,0,3,31.8,0,13400.0,1,4,5,5,415900.0
1,27,1,1,1,2,81.1,2,7200.0,4,4,4,3,168700.0
0,52,4,2,0,14,146.3,0,13400.0,5,2,5,3,687600.0
1,42,2,2,4,4,113.2,1,51700.0,4,3,4,1,1085600.0
0,44,4,1,3,5,93.1,0,7900.0,2,1,3,4,1047100.0
1,32,2,2,1,8,20.0,1,116300.0,2,3,2,5,566800.0
0,47,3,1,1,2,82.4,0,1200.0,4,1,3,2,102500.0
0,27,1,4,1,8,97.4,3,70100.0,4,5,4,4,1079600.0
0,41,5,2,2,2,20.0,0,56300.0,1,5,2,5,680100.0
1,23,2,1,1,1,111.5,0,4300.0,2,3,2,1,102700.0
1,50,4,1,0,2,65.4,0,33200.0,4,4,3,4,153600.0
0,63,5,1,2,3,100.5,1,14200.0,3,3,5,4,536500.0
1,23,1,1,2,3,94.6,1,47700.0,1,1,3,5,497000.0
1,28,1,1,1,2,81.1,1,6200.0,1,3,4,2,115400.0
1,42,5,1,3,3,117.7,0,7700.0,1,3,5,3,491500.0
1,21,1,2,3,4,99.8,0,18900.0,1,1,4,2,772800.0
0,58,4,1,1,5,185.1,2,12900.0,4,4,5,1,648800.0
1,28,1,2,1,4,152.2,0,189600.0,5,5,1,4,531800.0
0,20,1,2,5,6,54.6,0,199100.0,3,1,5,5,1296300.0
0,65,5,2,1,2,131.5,1,81700.0,5,3,1,4,748900.0
1,47,3,2,1,8,64.2,0,29600.0,5,2,4,3,676400.0
1,52,3,1,0,1,48.9,1,16500.0,4,3,3,2,71000.0
0,28,1,1,3,1,38.3,0,47300.0,1,3,4,2,239300.0
0,41,3,2,2,12,77.5,3,144600.0,1,2,3,1,1237200.0
1,35,2,1,0,3,125.2,2,8200.0,4,3,1,5,176000.0
0,30,1,2,5,8,95.5,1,13500.0,4,2,3,3,1881700.0
0,46,4,3,2,15,107.8,0,5700.0,2,3,4,3,2612400.0
0,32,2,3,3,20,20.0,0,147700.0,1,4,4,5,2058400.0
1,36,2,2,0,14,82.0,2,3400.0,3,5,4,1,687600.0
1,23,2,2,1,6,53.2,0,21000.0,2,4,5,3,695600.0
0,48,4,1,2,3,34.7,1,800.0,5,1,4,1,480500.0
0,24,1,1,1,1,47.9,0,14700.0,1,1,5,5,99900.0
0,42,3,2,2,14,92.5,0,142500.0,4,3,2,5,2201200.0
1,27,1,1,2,8,113.0,0,10800.0,4,1,1,5,395900.0
0,35,2,1,1,1,58.1,0,1600.0,4,1,2,3,144700.0
0,41,3,1,2,5,110.6,1,26400.0,1,3,2,5,723600.0
1,22,2,2,0,6,118.6,1,22400.0,3,3,5,3,278200.0
0,27,2,1,1,5,101.5,0,7300.0,4,5,5,1,217500.0
1,26,1,2,0,4,60.0,0,36300.0,1,2,1,4,243100.0
0,35,1,1,1,3,72.6,2,3100.0,5,3,1,1,295700.0
0,50,4,1,1,4,101.5,1,25200.0,2,5,1,3,612800.0
0,28,1,1,2,6,65.0,0,11800.0,1,4,4,2,465100.0
1,42,2,1,2,1,112.6,0,6000.0,1,1,4,2,176300.0
1,34,3,3,1,20,51.2,2,181100.0,4,2,1,4,1659300.0
1,36,2,1,2,3,103.3,0,2800.0,2,4,5,5,222900.0
0,56,6,1,0,4,121.7,2,29800.0,2,3,2,1,242400.0
1,32,3,2,0,12,96.7,1,134200.0,4,4,1,1,816500.0
0,33,3,2,1,4,55.3,1,39200.0,3,5,1,3,670900.0
0,26,1,1,1,1,32.9,3,10300.0,1,3,2,4,100900.0
1,27,1,1,2,1,51.2,1,1700.0,4,3,3,5,152000.0
0,21,1,4,1,16,107.1,0,4400.0,3,2,1,4,1174000.0
0,28,1,2,2,6,82.8,0,1100.0,4,5,1,2,477000.0
0,46,3,1,2,3,69.0,0,9200.0,5,1,4,4,238500.0
0,37,2,2,4,8,103.9,0,19000.0,3,4,2,5,1065400.0
0,35,2,1,1,5,20.5,0,44700.0,3,2,1,5,301000.0
1,25,1,1,1,1,80.8,0,7600.0,2,2,1,1,96100.0
1,28,2,2,1,14,51.3,0,16200.0,1,3,3,1,747200.0
1,43,3,3,5,18,42.7,0,79200.0,4,4,2,5,4310000.0
1,64,4,1,1,2,72.0,2,12500.0,4,2,1,1,289900.0
0,28,1,2,1,6,176.5,1,116500.0,1,3,3,1,675100.0
0,50,6,1,1,4,112.1,2,200.0,1,3,1,1,408200.0
0,33,2,1,1,1,50.4,0,15900.0,2,5,5,5,106300.0
1,36,1,1,1,4,132.4,0,23300.0,1,3,3,1,244000.0
0,38,2,1,0,7,44.3,0,14400.0,5,1,5,2,219700.0
1,25,3,3,1,3,143.1,0,31800.0,2,5,1,5,709200.0
0,27,2,1,1,3,59.1,0,4900.0,3,5,3,4,197100.0
1,38,2,1,0,1,93.8,0,3200.0,1,1,2,3,65600.0
1,33,2,3,1,12,163.0,0,35000.0,3,1,4,3,4977400.0
0,50,4,2,0,8,77.7,1,17300.0,2,2,1,2,357800.0
1,37,1,2,4,4,154.3,1,86700.0,5,2,3,5,1414500.0
1,21,2,3,1,18,87.5,0,11900.0,5,1,5,4,1478000.0
0,40,4,1,2,3,87.0,0,21900.0,1,2,3,5,462600.0
1,26,3,2,1,8,59.0,0,9800.0,5,1,2,4,603700.0
1,38,2,2,3,4,139.4,0,98100.0,4,1,3,4,952000.0
1,48,2,2,1,10,72.7,2,33100.0,2,3,5,5,944400.0
1,52,4,2,1,6,156.7,2,12300.0,5,2,1,1,618600.0
1,45,4,1,1,4,68.0,0,10500.0,2,5,5,3,428100.0
0,46,4,2,2,6,74.1,0,15000.0,2,5,5,1,792500.0
0,48,3,1,1,3,125.1,0,20800.0,4,2,5,3,246000.0
1,51,4,1,1,6,86.2,0,20800.0,1,2,4,1,555000.0
1,27,1,1,0,1,100.1,2,11100.0,2,2,1,5,101700.0
0,26,1,3,1,12,44.2,1,6700.0,4,2,4,5,951000.0
0,23,2,1,1,1,93.9,0,13200.0,5,3,3,4,123700.0
1,21,1,2,0,2,103.0,0,300.0,3,1,1,2,93300.0
1,47,4,1,1,4,150.4,1,800.0,1,2,1,5,368900.0
1,44,3,3,1,9,73.3,0,116500.0,3,2,3,3,985700.0
0,35,3,1,2,1,101.8,0,5000.0,4,1,3,4,157600.0
0,26,1,2,0,4,132.4,0,9300.0,2,1,5,3,206000.0
0,40,4,2,1,4,91.5,0,71900.0,4,1,1,1,529200.0
1,27,1,1,2,2,128.0,1,3500.0,1,4,2,2,337700.0
0,43,3,1,1,3,177.4,0,3700.0,1,5,5,5,220400.0
1,38,2,2,1,8,91.0,0,79000.0,5,2,1,1,1866800.0
0,30,2,3,2,20,136.3,0,25500.0,4,3,3,4,1635100.0
1,21,1,2,1,4,108.0,0,22600.0,1,3,3,3,482600.0
1,25,1,1,1,7,120.0,1,26500.0,4,1,2,2,456300.0
1,40,5,3,4,1,114.7,0,4100.0,5,3,1,5,1525000.0
0,53,4,1,3,3,127.3,1,2000.0,5,5,4,3,523900.0
0,47,4,2,1,12,125.0,0,125000.0,4,2,5,5,827300.0
0,24,3,2,0,4,87.5,0,700.0,1,3,1,5,268300.0
1,38,1,1,1,1,70.5,1,8300.0,2,5,4,3,182100.0
1,45,4,2,0,4,104.9,1,87800.0,2,5,3,5,478500.0
1,40,3,2,0,12,39.1,0,50300.0,5,4,3,4,499400.0
1,25,1,3,1,9,111.7,0,78700.0,1,4,4,2,1012600.0
1,25,1,1,3,2,116.1,0,3200.0,5,3,4,1,287400.0
0,45,5,1,3,6,83.7,1,14000.0,5,5,2,2,1259400.0
1,37,1,2,1,6,91.5,0,28900.0,5,1,1,1,493100.0
0,25,1,1,1,1,121.9,0,37500.0,5,4,3,4,102200.0
0,24,1,1,0,3,116.2,0,12300.0,4,5,5,2,119200.0
1,31,3,4,1,16,122.4,0,63200.0,4,4,3,4,1521500.0
0,53,3,1,0,5,117.2,1,6800.0,1,2,1,3,322100.0
0,54,5,4,2,20,93.7,0,35600.0,1,5,4,1,3147900.0
1,33,3,1,0,1,89.5,0,10400.0,3,5,2,3,86800.0
0,31,3,1,3,2,104.8,0,19500.0,2,2,3,3,241000.0
1,26,3,2,1,14,140.9,0,66100.0,4,4,2,2,1126600.0
0,31,3,2,1,6,99.2,0,43400.0,1,2,4,5,722500.0
0,30,1,2,0,6,135.7,0,68400.0,5,3,1,5,1318800.0
0,34,2,2,1,4,20.0,0,1500.0,4,1,3,4,1200100.0
0,30,2,2,3,4,101.3,1,89900.0,2,4,1,2,1206700.0
1,20,1,1,2,2,92.9,1,28100.0,4,5,5,3,303400.0
0,20,1,1,1,4,31.7,0,12100.0,2,3,1,4,325600.0
1,25,1,1,1,6,37.0,0,14100.0,3,4,4,3,312400.0
1,28,1,2,1,20,106.1,0,7300.0,1,1,4,4,774300.0
1,20,3,1,5,3,93.7,0,300.0,2,5,5,1,527500.0
1,64,4,1,2,3,117.7,2,45400.0,3,2,1,4,627200.0
1,38,4,2,1,4,20.0,2,55700.0,4,1,4,4,732800.0
0,38,2,1,1,2,127.4,0,45600.0,1,4,4,3,236300.0
0,50,4,1,1,6,127.7,0,21700.0,2,5,4,5,521000.0
0,67,6,2,1,2,41.6,1,59000.0,2,4,4,3,750400.0
1,30,2,1,0,4,139.3,0,2700.0,1,1,2,2,127400.0
0,47,3,2,1,12,152.7,0,40100.0,4,5,3,3,999100.0
1,20,1,2,3,4,43.3,0,500.0,4,1,2,5,646900.0
1,24,1,1,1,3,93.8,0,8700.0,5,4,4,2,229200.0
0,37,4,2,0,2,96.9,0,6900.0,4,5,1,5,209200.0
1,45,4,1,3,5,27.1,0,8600.0,1,5,2,2,963500.0
0,48,2,2,1,2,78.4,0,17200.0,3,5,5,3,345100.0
0,20,1,4,1,12,139.1,1,35900.0,1,4,3,5,891700.0
1,28,1,2,1,6,59.9,1,26200.0,2,3,1,5,611700.0
1,40,2,2,1,8,154.0,3,9300.0,5,4,2,1,778800.0
1,22,1,1,1,2,102.9,0,1200.0,5,2,3,1,99700.0
1,30,1,1,1,2,62.3,0,24900.0,3,3,2,4,196700.0
0,42,3,2,2,8,91.6,0,5300.0,2,4,5,1,961300.0
1,41,2,1,1,1,38.8,1,17100.0,4,2,4,5,181300.0
1,41,3,1,2,3,105.0,0,16300.0,4,1,5,4,405700.0
1,58,5,1,0,3,83.3,0,36100.0,4,2,4,3,193300.0
0,37,2,2,2,14,75.1,0,9800.0,1,5,3,4,1947500.0
1,40,5,1,2,3,39.4,3,1700.0,4,3,2,2,581300.0
0,33,3,3,2,6,87.2,2,132900.0,2,4,2,4,1478400.0
0,20,1,1,1,2,97.2,0,6000.0,5,4,5,1,146600.0
1,20,1,1,2,1,42.0,2,4000.0,1,5,1,3,291900.0
0,23,2,2,0,2,127.8,0,122500.0,4,3,3,2,1019700.0
1,31,4,1,3,3,99.7,0,2400.0,2,3,4,4,398900.0
1,32,3,2,0,4,60.3,1,12300.0,3,5,3,3,317300.0
0,58,3,1,0,3,86.7,0,7300.0,2,3,5,1,142200.0
1,21,3,1,1,6,119.3,0,4900.0,5,5,2,3,348900.0
1,23,1,1,2,2,137.9,2,9000.0,2,2,4,3,270000.0
1,60,6,3,0,9,145.5,0,253000.0,2,5,4,2,1083500.0
1,21,3,2,3,4,153.0,3,47400.0,1,4,4,5,1167400.0
1,34,2,2,4,6,43.4,0,64000.0,5,1,4,1,949800.0
1,30,4,1,1,1,65.1,0,1600.0,4,2,3,2,141000.0
1,36,2,2,1,2,41.0,0,15200.0,5,4,3,2,333400.0
0,23,3,2,2,2,128.2,2,24600.0,3,2,5,2,634400.0
1,25,1,3,1,3,83.9,0,31900.0,5,4,2,5,563700.0
0,27,3,2,1,6,134.2,0,54200.0,1,3,2,5,706500.0
1,35,1,2,3,12,40.4,0,114000.0,4,5,3,4,1315600.0
1,31,3,1,4,5,65.9,1,26600.0,5,4,5,4,600200.0
0,20,1,2,3,6,62.1,0,38200.0,4,4,1,1,1082600.0
1,47,3,2,1,6,133.3,0,83500.0,1,3,4,1,669200.0
1,47,3,3,1,12,114.5,0,5500.0,2,1,2,5,1274800.0
0,28,2,1,1,2,20.0,0,10700.0,3,1,4,5,152400.0
1,35,2,1,1,3,73.7,0,3100.0,5,5,2,5,258300.0
1,40,3,1,1,5,123.6,0,2900.0,4,3,1,2,268800.0
0,28,1,1,1,6,129.0,2,18700.0,5,2,2,5,516200.0
1,22,3,1,1,1,104.5,0,18700.0,1,4,1,2,112400.0
0,35,1,2,2,8,96.3,0,113600.0,2,5,2,2,744300.0
1,58,4,2,2,6,57.4,0,24500.0,1,1,3,1,1272600.0
1,42,3,2,2,8,127.5,2,12700.0,4,2,4,3,1045200.0
1,34,2,2,0,4,48.1,0,37600.0,5,3,5,4,287200.0
1,44,3,1,0,5,33.6,1,30800.0,4,4,5,4,145000.0
1,36,2,2,2,2,97.3,2,4300.0,1,4,2,1,604100.0
1,43,4,1,1,4,74.5,0,16200.0,5,1,5,1,250400.0
0,33,3,3,1,15,115.3,0,63500.0,4,1,4,5,1204900.0
1,26,1,1,0,1,107.0,1,33500.0,5,5,3,5,67300.0
0,48,2,1,1,1,149.8,1,2400.0,3,4,3,5,163300.0
1,33,3,1,1,4,104.2,1,7600.0,1,4,1,2,266300.0
0,33,2,2,3,2,127.1,1,103200.0,1,4,5,2,793800.0
0,55,5,1,3,4,60.2,0,9400.0,3,4,4,5,706300.0
0,25,1,1,1,3,114.9,1,22500.0,2,2,5,2,301900.0
1,26,1,2,1,8,80.3,0,50500.0,4,3,4,1,667400.0
0,20,1,2,2,10,72.7,0,6700.0,2,2,1,5,1016300.0
1,42,4,1,1,4,58.4,0,12600.0,5,3,5,4,326200.0
0,48,2,2,1,6,144.0,0,500.0,4,2,3,4,533700.0
0,35,2,2,3,10,89.8,0,900.0,4,5,1,2,1779400.0
1,45,2,1,2,6,62.4,0,1500.0,4,3,5,4,588400.0
1,34,3,3,3,12,113.7,0,4600.0,3,4,3,5,2447300.0
0,42,5,1,1,2,74.6,2,27300.0,1,3,3,4,484800.0
1,34,2,2,1,2,62.1,0,190300.0,3,4,4,1,451800.0
1,30,2,2,2,2,191.6,1,253000.0,3,5,3,2,1004200.0
1,52,6,2,0,2,47.7,0,10600.0,3,3,2,4,280000.0
0,23,1,2,2,4,155.3,0,49400.0,2,1,5,2,518200.0
0,24,1,1,0,2,61.6,0,32000.0,3,4,5,1,84400.0
1,38,2,1,2,3,111.9,0,1800.0,1,3,4,4,239600.0
0,63,6,2,1,10,86.4,0,155200.0,4,2,3,5,1588000.0
1,32,1,2,0,8,115.8,2,84200.0,2,3,4,3,1122800.0
1,20,2,1,1,2,41.6,0,8200.0,3,4,2,4,177700.0
1,35,2,2,2,8,37.4,0,18800.0,3,1,4,1,647800.0
1,36,1,1,1,3,116.8,0,43600.0,4,1,5,3,192500.0
1,27,2,1,1,1,27.7,0,29600.0,4,2,4,4,132200.0
0,40,3,2,3,4,49.1,0,21300.0,2,5,5,2,711600.0
1,63,4,1,1,1,86.9,1,7800.0,1,1,1,1,1268500.0
0,34,2,2,1,6,44.7,0,8100.0,2,5,2,4,585500.0
1,31,3,1,0,4,49.2,0,92100.0,4,4,2,1,253600.0
1,30,3,1,3,7,75.6,0,2400.0,1,3,5,5,1272500.0
1,27,3,2,0,8,20.0,0,16600.0,3,5,1,3,326400.0
1,55,5,2,1,4,41.0,0,17700.0,3,4,3,3,569800.0
1,34,1,1,2,2,136.9,0,10700.0,5,4,4,5,221600.0
0,38,2,1,1,3,123.5,1,5500.0,4,4,3,3,237100.0
1,41,4,1,1,3,169.3,0,34100.0,5,2,1,3,350100.0
1,37,2,1,1,1,110.8,1,51800.0,2,2,2,5,284100.0
0,48,3,3,2,9,135.6,0,48300.0,2,5,3,2,1678500.0
0,20,1,2,1,6,75.2,1,92900.0,1,4,1,3,531700.0
0,46,3,1,3,3,83.5,2,16300.0,4,5,2,2,652700.0
0,57,6,1,3,3,104.5,0,7100.0,1,1,3,1,712000.0
0,42,3,3,1,9,23.7,0,33500.0,1,5,2,1,720900.0
0,53,4,2,2,10,109.1,0,34100.0,2,3,5,3,799900.0
0,22,3,2,1,6,68.2,0,26300.0,2,4,2,1,1720700.0
0,36,2,2,1,4,74.0,0,500.0,4,5,2,5,501000.0
1,38,2,1,1,4,124.9,1,21300.0,2,2,1,3,453700.0
1,32,2,2,3,6,35.7,0,7100.0,4,3,1,5,2059400.0
0,35,3,3,1,3,91.9,0,324000.0,5,5,4,2,934800.0
1,37,3,2,1,2,105.7,1,89000.0,3,5,1,4,410600.0
0,25,2,1,1,4,71.4,1,6200.0,5,5,5,4,366300.0
1,31,3,1,1,3,91.3,0,3800.0,2,2,5,3,302900.0
1,26,1,1,0,2,93.0,1,28500.0,3,5,2,5,176200.0
0,41,4,2,1,10,121.4,2,18200.0,3,1,1,4,1279200.0
0,21,2,1,1,7,83.6,0,7800.0,1,1,4,3,248100.0
1,21,1,1,1,1,46.2,0,20700.0,3,1,1,4,116300.0
1,30,1,3,1,12,69.8,1,28700.0,4,5,4,4,941400.0
1,30,4,1,1,2,77.8,1,31600.0,2,3,2,1,424100.0
1,56,5,1,3,3,62.0,0,18400.0,2,2,5,3,536300.0
0,34,3,1,4,2,96.6,0,1100.0,1,1,1,4,337900.0
1,32,3,1,1,1,95.0,1,33800.0,1,1,1,3,168100.0
0,40,3,1,0,3,93.1,2,10000.0,2,3,5,1,160300.0
1,35,2,3,4,12,58.6,1,33200.0,1,1,5,3,2291300.0
1,20,1,2,2,1,94.5,2,106200.0,3,2,3,1,384300.0
1,38,1,1,1,1,135.1,0,31900.0,3,3,3,4,117300.0
1,51,5,1,0,1,100.3,2,7900.0,4,4,3,4,138900.0
0,30,2,2,0,6,127.5,1,36500.0,1,2,5,4,342000.0
0,26,1,1,0,1,93.8,2,4500.0,2,2,3,1,102700.0
0,25,1,1,0,2,67.7,0,21800.0,5,5,1,2,89100.0
0,25,1,3,3,15,120.1,1,66200.0,2,4,5,1,1898000.0
1,34,2,1,1,3,40.7,0,1100.0,5,4,1,1,210800.0
0,33,2,1,2,5,70.5,0,200.0,5,3,5,5,452500.0
0,23,1,2,2,6,85.1,0,178900.0,4,1,2,4,645700.0
1,52,4,2,2,10,112.8,0,18200.0,5,4,1,4,1589900.0
1,47,5,1,3,4,134.6,0,4900.0,3,3,5,5,3683000.0
1,36,2,1,4,7,119.6,3,3100.0,3,4,4,2,821800.0
1,48,3,1,1,2,116.1,1,6400.0,4,2,5,3,257400.0
0,20,1,2,4,8,120.3,2,60500.0,2,4,2,4,1964300.0
0,36,2,1,2,2,125.1,3,56600.0,2,1,5,4,331200.0
1,43,3,1,0,3,50.2,0,6000.0,2,3,2,1,138100.0
1,46,4,2,2,4,167.2,0,3600.0,2,1,3,2,477100.0
0,40,4,3,2,3,128.8,0,34600.0,3,5,1,2,903400.0
1,24,1,1,3,8,83.7,0,28900.0,3,1,2,2,454100.0
0,52,4,1,1,2,103.0,0,3600.0,4,1,4,2,228300.0
0,24,3,2,1,2,44.0,0,7700.0,4,3,1,5,340000.0
1,53,5,2,0,10,80.9,0,34900.0,4,2,5,1,654100.0
1,61,6,1,1,3,78.0,0,3300.0,2,4,5,5,303400.0
1,23,1,1,0,1,75.1,0,40900.0,2,4,2,5,95700.0
0,42,3,1,1,1,118.5,0,3600.0,3,3,4,3,122100.0
1,20,1,1,2,3,93.6,2,72100.0,3,3,2,1,515500.0
0,37,2,2,1,10,48.2,0,83000.0,1,2,4,2,1047200.0
0,34,2,1,1,1,48.9,0,200.0,1,2,2,1,95900.0
1,33,2,2,1,2,21.2,0,139000.0,2,5,3,2,348100.0
1,54,4,2,0,8,120.8,1,59200.0,3,4,3,3,427700.0
1,43,4,1,1,5,82.1,0,8200.0,2,4,3,4,496200.0
1,32,3,1,0,5,116.4,0,1300.0,5,5,2,5,194700.0
1,44,3,2,1,12,199.9,0,209900.0,1,3,1,3,1235800.0
1,53,5,1,0,4,58.5,2,7500.0,4,4,5,5,307400.0
0,20,1,3,0,1,101.4,2,37400.0,2,1,1,2,220000.0
0,62,6,4,1,8,140.5,0,171900.0,5,3,5,2,1545000.0
0,27,1,1,1,3,72.9,1,15300.0,4,3,4,3,265100.0
0,46,2,1,0,5,78.1,0,48500.0,5,2,3,4,259900.0
1,21,1,1,1,1,108.6,0,16000.0,3,5,3,4,133100.0
1,20,1,2,2,8,179.0,0,117000.0,3,3,5,5,972100.0
0,32,4,2,2,6,112.3,0,133400.0,3,2,3,2,714800.0
0,44,3,2,0,6,60.5,1,5800.0,4,1,1,2,320200.0
1,30,2,2,1,14,64.7,2,201500.0,4,1,2,4,1179800.0
0,22,1,1,2,5,72.9,0,7100.0,3,4,3,2,300500.0
1,32,2,2,0,2,26.3,0,34800.0,4,5,3,2,205500.0
1,54,4,2,3,6,84.4,0,94200.0,3,5,4,3,1221800.0
1,32,3,2,3,10,90.3,0,65600.0,2,2,2,4,1875700.0
1,28,2,2,3,10,91.6,2,134100.0,3,4,5,4,1741700.0
1,30,3,2,2,12,39.3,2,30700.0,1,5,2,1,1078000.0
0,23,3,2,2,4,102.1,0,28000.0,2,4,2,4,640700.0
1,43,3,2,1,8,55.6,0,1900.0,3,2,5,4,626300.0
1,40,4,2,2,12,81.6,1,37300.0,1,4,2,1,5049700.0
0,31,2,2,2,2,64.0,0,77300.0,3,3,4,2,456000.0
1,30,3,2,2,2,130.4,2,21500.0,2,3,1,2,537400.0
1,45,3,2,1,2,66.0,0,37300.0,3,3,2,5,326300.0
1,32,4,2,1,6,137.1,0,14900.0,4,3,1,2,451200.0
1,46,4,1,3,4,94.8,0,2400.0,3,1,4,4,820400.0
1,44,5,1,0,2,104.7,0,23300.0,2,1,4,5,161400.0
1,48,4,1,2,2,92.9,0,12300.0,5,5,2,5,860900.0
1,36,4,2,4,6,60.2,1,28600.0,3,1,3,2,1486200.0
1,33,3,2,2,10,104.2,1,2500.0,4,4,2,5,1933700.0
1,54,4,4,5,20,75.0,0,115200.0,2,4,1,1,5860700.0
1,34,2,1,2,2,101.1,0,2700.0,1,1,4,5,163500.0
1,34,2,1,0,5,111.1,2,9000.0,5,4,1,3,267000.0
0,28,1,1,2,1,156.7,1,11100.0,3,5,1,1,326900.0
1,32,2,1,1,1,106.5,0,29200.0,2,2,5,4,133100.0
1,35,2,2,1,8,123.5,1,78800.0,4,1,4,2,743600.0
0,27,1,1,1,3,113.1,3,69700.0,4,3,4,2,326000.0
1,28,3,2,1,8,82.1,0,53400.0,2,4,1,3,691600.0
0,36,4,2,1,8,113.8,0,27300.0,4,4,4,2,768800.0
0,42,3,2,1,10,85.7,0,16700.0,5,2,2,4,971700.0
1,30,2,2,1,1,75.5,0,139900.0,1,5,5,5,335700.0
0,23,1,1,2,6,51.9,1,4700.0,4,4,2,2,780200.0
1,45,3,1,1,3,112.8,0,17300.0,4,3,3,4,195000.0
1,22,2,3,1,12,70.1,2,7100.0,1,2,3,1,1106200.0
1,30,2,2,2,2,112.0,0,15100.0,5,4,1,4,490500.0
0,25,1,1,2,1,90.2,0,9200.0,5,3,3,3,150800.0
0,20,2,1,3,3,80.1,1,7100.0,5,4,2,4,434700.0
1,28,2,1,0,6,59.8,0,26500.0,4,3,3,2,291900.0
1,30,1,1,3,6,135.5,0,27300.0,4,2,1,5,421400.0
1,25,2,4,1,8,76.3,0,198900.0,5,5,4,4,842600.0
0,30,2,2,1,14,145.5,0,600.0,4,1,5,3,799400.0
1,36,2,1,0,1,61.4,2,12500.0,3,1,1,1,98800.0
1,32,1,3,1,6,142.8,0,80900.0,4,5,1,3,614400.0
1,35,2,1,1,4,92.9,1,1500.0,5,4,1,1,1009000.0
0,46,3,1,1,3,120.1,0,20200.0,2,2,2,4,321500.0
1,20,1,3,1,20,44.5,1,72200.0,5,3,4,5,1079800.0
1,30,3,2,2,4,44.3,0,188400.0,2,2,1,3,791800.0
1,24,2,2,2,2,99.0,0,10800.0,4,5,4,5,445500.0
0,25,1,2,1,2,54.5,3,8200.0,4,4,1,4,316300.0
1,38,1,2,1,12,136.5,0,38400.0,2,4,2,5,902500.0
1,30,3,1,1,1,102.7,1,33200.0,5,5,1,5,275400.0
0,53,3,2,4,2,67.5,0,213200.0,1,2,3,3,1056200.0
1,37,4,4,1,4,57.8,0,15500.0,1,1,2,4,815000.0
1,58,4,1,1,3,79.9,2,21500.0,5,2,1,5,337800.0
0,22,1,2,1,8,70.1,1,143200.0,4,4,1,1,770100.0
0,21,1,2,1,4,107.3,0,79600.0,2,4,1,2,500400.0
1,23,1,1,1,3,87.3,2,9200.0,2,5,3,1,168100.0
0,21,1,2,0,8,130.9,0,134200.0,5,2,3,5,378400.0
1,30,1,1,2,3,112.1,0,12700.0,5,1,1,4,384900.0
0,42,3,2,2,6,59.7,0,85600.0,3,2,3,1,989100.0
1,26,1,1,2,2,75.1,0,1300.0,2,4,1,4,184500.0
0,50,4,3,0,9,59.7,0,102200.0,3,2,3,1,713800.0
1,51,4,1,1,4,59.8,0,2300.0,4,4,4,4,443700.0
1,20,1,1,3,3,27.2,2,400.0,2,4,1,5,630800.0
1,27,1,1,3,3,122.9,0,11000.0,5,3,1,3,288000.0
1,24,1,3,1,6,135.2,0,3100.0,5,1,5,1,599500.0
0,27,1,2,0,8,55.4,0,10500.0,4,5,5,4,388000.0
1,22,2,2,1,8,51.9,0,39700.0,1,1,2,1,807500.0
0,36,2,2,1,4,109.6,0,127000.0,3,2,4,4,453800.0
0,27,2,2,2,12,61.3,0,101100.0,5,3,4,4,902600.0
0,35,2,1,4,1,134.6,0,18700.0,2,4,2,3,236900.0
1,66,5,2,1,6,64.9,0,57800.0,2,1,5,4,700600.0
1,41,3,1,0,3,20.0,1,23700.0,2,4,2,1,185200.0
1,57,5,4,3,16,85.4,3,1500.0,4,4,5,5,5035400.0
1,24,1,2,0,8,69.3,0,15100.0,1,3,1,2,219500.0
0,36,1,1,4,6,95.2,0,33400.0,3,1,2,4,954300.0
1,30,2,1,2,1,77.8,0,24600.0,2,3,3,2,141200.0
1,24,1,2,3,8,110.2,1,23200.0,2,4,5,5,1309400.0
1,20,1,1,0,2,104.8,1,2600.0,5,1,1,2,110000.0
0,47,3,1,0,4,101.4,0,700.0,1,4,3,4,142200.0
1,43,3,1,1,5,96.7,0,14000.0,5,4,3,1,348800.0
1,33,2,2,1,8,90.0,1,42700.0,4,1,4,3,597500.0
0,31,2,2,1,4,41.1,0,35000.0,4,5,5,4,533800.0
0,34,3,1,4,5,103.6,0,6500.0,3,3,1,4,844200.0
1,20,2,1,2,2,115.6,0,7900.0,4,2,5,3,185900.0
1,38,2,2,2,10,102.2,0,19500.0,3,4,1,3,1009000.0
0,24,2,2,0,2,82.9,1,110900.0,5,3,5,3,327600.0
1,25,2,1,2,2,110.7,2,4700.0,2,3,3,3,189400.0
0,51,4,1,2,4,98.3,1,42700.0,2,1,4,3,754100.0
1,30,2,3,1,6,114.9,0,17300.0,1,1,2,4,654700.0
1,43,4,3,3,9,86.9,1,16400.0,4,1,5,2,1854300.0
0,26,1,4,0,4,40.0,0,3600.0,1,3,3,1,380100.0
1,35,1,2,1,8,83.7,0,4800.0,1,1,2,4,507700.0
0,20,2,1,0,1,56.8,2,800.0,2,2,2,5,59500.0
0,20,1,1,2,2,73.8,0,24100.0,4,3,2,4,229400.0
1,27,2,1,1,1,93.0,0,11100.0,2,1,3,4,141200.0
0,43,4,1,1,1,124.7,3,9000.0,1,4,1,2,265700.0
1,44,5,3,0,9,113.3,3,114000.0,4,3,2,3,804400.0
0,36,1,2,0,8,97.3,0,11300.0,2,5,4,5,341700.0
0,37,2,2,0,1,133.7,0,34600.0,3,5,1,2,203900.0
0,56,4,1,1,8,91.7,0,3200.0,3,3,3,1,406900.0
1,21,1,3,1,9,97.1,2,17700.0,5,3,2,5,779700.0
0,23,1,2,1,6,76.7,0,21700.0,5,5,3,5,374900.0
1,30,2,1,3,3,52.6,3,16300.0,4,4,3,2,574100.0
1,48,3,2,1,2,109.5,0,1000.0,5,4,2,5,339600.0
1,62,4,1,2,4,35.1,0,2400.0,4,4,3,4,621800.0
0,22,1,1,0,3,57.4,0,5800.0,1,2,4,4,132500.0
1,58,5,2,1,6,96.2,0,204900.0,3,2,4,3,1100100.0
1,42,4,2,1,6,60.3,2,52400.0,4,4,5,2,722900.0
1,27,3,1,0,3,90.6,0,6900.0,1,5,2,4,191000.0
1,31,2,1,0,2,95.2,0,10200.0,3,2,2,5,93000.0
1,32,4,4,3,8,70.4,0,99600.0,2,1,2,5,2261800.0
1,61,6,2,3,6,91.9,1,32100.0,1,2,5,4,1836300.0
0,20,1,2,0,6,91.5,0,11700.0,2,5,4,2,356000.0
0,41,3,1,1,5,50.1,2,30400.0,5,5,4,2,617000.0
1,37,2,1,4,1,109.1,0,4200.0,4,3,2,1,180500.0
1,48,3,1,0,1,20.0,0,19200.0,3,5,3,2,76300.0
1,31,2,1,1,3,155.7,0,7800.0,5,4,1,4,296600.0
1,36,2,1,4,2,108.7,0,5200.0,1,5,1,1,332100.0
0,44,4,1,4,4,125.7,0,14300.0,5,2,2,5,989500.0
0,42,3,2,1,6,113.2,3,36100.0,2,2,2,4,703300.0
1,58,3,1,0,3,88.5,0,9000.0,2,2,4,3,114500.0
1,25,2,2,1,2,63.0,0,93100.0,4,5,4,3,361500.0
0,40,3,1,3,2,89.1,0,900.0,5,4,3,2,326600.0
1,24,3,2,3,10,119.3,0,173400.0,3,4,4,1,1323600.0
0,36,1,1,1,2,61.2,1,28100.0,2,3,1,1,215000.0
1,33,4,2,2,6,95.5,1,44400.0,1,1,1,5,1018600.0
0,37,1,1,2,2,26.6,0,21700.0,5,4,4,2,223600.0
1,34,2,4,2,12,61.7,1,9700.0,3,2,1,1,1842500.0
0,68,4,2,2,2,59.9,0,113600.0,3,3,1,4,553900.0
1,28,2,2,2,8,148.8,0,280500.0,3,4,1,5,1064900.0
0,48,4,1,1,2,43.2,0,9300.0,3,4,1,1,218600.0
0,30,2,2,1,6,103.9,1,99700.0,2,1,5,3,837000.0
0,21,3,2,2,2,145.8,0,59300.0,4,1,2,3,497300.0
1,22,1,1,1,1,125.2,0,27200.0,5,1,3,1,130200.0
1,53,4,2,1,2,143.3,0,16300.0,2,4,5,3,492000.0
0,58,5,2,2,6,148.4,0,47200.0,4,4,3,4,1251500.0
1,55,4,2,2,1,92.0,0,31500.0,3,2,5,5,376900.0
1,60,5,2,3,4,106.6,0,46800.0,1,5,5,4,1139900.0
1,28,3,2,0,4,96.8,2,18800.0,3,1,3,3,323800.0
0,35,4,3,1,9,106.8,0,41300.0,4,2,2,1,1287400.0
1,43,5,1,1,5,104.8,0,4700.0,4,2,4,1,446500.0
0,33,4,2,3,6,150.1,1,5100.0,1,3,5,5,1200800.0
0,32,1,2,0,10,100.2,1,81500.0,2,2,2,3,392400.0
1,36,3,2,2,10,56.6,0,73600.0,1,1,4,3,962700.0
0,32,2,4,2,4,110.9,0,127400.0,3,5,3,3,1055800.0
1,31,4,1,1,5,115.6,1,3100.0,5,2,5,2,288600.0
1,27,1,1,4,3,61.2,0,18000.0,2,4,4,1,1505800.0
1,33,2,1,3,1,59.8,0,29900.0,5,4,2,3,126900.0
1,37,2,1,1,4,123.3,0,31500.0,5,2,4,5,228500.0
0,30,2,1,0,2,71.3,3,16600.0,2,1,3,2,148800.0
0,24,1,2,1,12,75.5,0,2900.0,3,5,4,3,676500.0
1,48,4,1,1,1,73.8,0,16200.0,4,5,1,1,191300.0
0,20,2,2,3,4,98.6,0,5200.0,3,1,5,2,998300.0
0,33,1,2,4,2,128.6,2,200.0,4,4,2,4,1088600.0
0,45,4,1,0,2,113.4,0,8000.0,4,4,2,5,141400.0
0,37,2,1,1,4,73.8,1,37800.0,2,3,5,1,380800.0
0,22,1,2,1,10,136.8,1,48600.0,2,2,5,4,816400.0
0,44,3,2,0,2,120.4,0,16400.0,1,2,1,1,256700.0
1,36,3,2,1,12,124.7,1,145200.0,5,4,1,5,1206300.0
1,40,4,2,1,14,123.6,0,153900.0,5,2,2,3,1577900.0
1,46,3,3,1,6,72.0,2,115700.0,5,1,4,4,667200.0
0,37,2,2,2,4,57.8,1,47200.0,5,5,5,4,908400.0
0,37,1,3,2,18,78.2,2,4700.0,1,3,1,2,1751100.0
0,28,1,2,0,8,124.7,1,5600.0,4,1,1,3,424800.0
1,25,1,3,2,15,48.7,2,136200.0,1,1,1,5,1424900.0
1,35,2,1,2,2,44.0,0,4800.0,2,1,4,2,186400.0
0,31,3,3,3,3,26.5,0,34200.0,3,2,2,4,818800.0
1,32,4,2,1,10,46.0,0,23900.0,4,5,2,1,1227800.0
0,23,1,2,3,12,62.4,0,62000.0,4,3,1,5,1045200.0
1,23,1,1,3,3,94.4,1,2600.0,1,4,4,2,575300.0
1,37,2,1,1,2,49.7,0,7100.0,2,1,4,3,135100.0
1,20,2,1,1,2,113.2,0,8100.0,2,1,2,1,121600.0
1,43,4,1,3,4,91.6,1,19700.0,4,1,5,2,901300.0
1,23,2,1,2,5,20.0,2,3600.0,1,4,1,5,548900.0
0,30,2,2,3,8,89.4,1,77300.0,5,2,4,1,1781100.0
1,52,5,1,2,7,95.0,1,20700.0,4,2,5,2,1271300.0
0,24,1,1,1,2,157.1,0,23400.0,5,5,3,2,152600.0
1,35,2,1,0,3,98.5,2,1700.0,3,2,1,5,123800.0
1,28,1,2,1,8,28.1,0,68500.0,2,2,3,3,468700.0
1,38,2,1,4,2,98.0,3,43700.0,4,3,2,1,691600.0
1,38,4,1,1,2,96.1,0,4700.0,3,3,2,2,158800.0
1,30,3,2,0,6,111.2,1,57200.0,5,2,2,5,300900.0
1,38,1,2,2,2,182.3,0,89800.0,4,3,4,2,541200.0
1,57,4,1,2,2,71.2,0,40000.0,3,5,4,5,380700.0
0,21,1,1,1,3,67.2,1,10000.0,4,2,5,5,1194600.0
0,20,1,1,1,3,106.4,1,7800.0,3,3,3,2,661000.0
0,50,4,4,1,16,153.9,2,7900.0,3,4,2,5,6789900.0
0,35,4,1,0,6,113.5,0,41400.0,5,3,2,1,196900.0
1,58,6,2,2,4,78.0,0,112000.0,2,3,4,5,1254500.0
0,36,3,1,1,5,124.5,0,2500.0,1,4,4,3,383800.0
1,44,4,2,3,4,152.8,0,10500.0,3,5,4,3,2882800.0
0,31,2,1,2,2,63.1,0,1300.0,2,4,1,5,266900.0
0,40,3,1,2,3,55.0,1,5400.0,1,5,3,1,621700.0
1,51,4,2,1,8,92.0,0,5800.0,5,4,3,4,839200.0
1,30,2,1,1,3,100.5,1,11900.0,4,5,1,4,223200.0
1,22,2,1,1,4,138.4,0,5900.0,2,5,2,1,187500.0
1,25,1,2,1,8,73.6,0,57100.0,4,1,5,3,524700.0
1,27,1,4,2,20,104.1,0,125500.0,4,1,5,5,1591600.0
0,22,1,1,1,3,144.5,1,2500.0,1,3,2,2,157600.0
1,28,3,2,2,4,97.8,1,139500.0,2,4,5,5,947900.0
1,34,2,3,0,15,76.2,0,2300.0,3,5,4,5,387900.0
1,36,3,2,0,8,110.0,0,7200.0,1,1,3,4,333200.0
0,37,3,2,4,2,78.4,0,31900.0,2,3,4,5,747900.0
1,32,2,2,1,1,101.8,1,54100.0,3,3,5,4,418100.0
0,21,1,1,1,3,83.5,1,10900.0,4,3,5,2,355500.0
0,21,2,2,1,10,84.9,0,50300.0,5,1,3,5,979600.0
0,24,1,1,1,4,75.9,0,23100.0,5,2,4,1,347700.0
1,30,4,1,2,9,69.9,0,2600.0,1,3,3,5,3610100.0
1,21,1,1,0,1,124.8,0,4200.0,3,2,5,1,66300.0
1,28,1,1,1,2,96.6,0,16700.0,3,2,3,4,161900.0
1,36,3,2,1,6,134.6,0,174700.0,5,2,3,5,646200.0
1,45,4,1,3,7,20.0,0,7100.0,3,3,5,4,1012500.0
0,28,3,2,1,8,71.8,0,34600.0,2,5,3,1,797800.0
0,46,4,1,0,6,64.1,0,30500.0,2,2,4,4,265500.0
1,44,5,1,1,3,81.1,0,3300.0,5,1,5,3,245000.0
0,48,4,2,0,8,53.9,0,13400.0,4,1,3,1,464200.0
1,55,5,4,1,8,33.7,1,5600.0,4,2,2,4,1519000.0
1,25,1,1,0,1,113.5,0,300.0,4,2,4,5,52000.0
1,23,1,1,1,1,69.2,0,9000.0,5,2,4,4,102200.0
1,50,6,2,0,4,109.4,1,17800.0,1,1,4,2,480700.0
1,34,2,1,1,1,48.8,2,2300.0,3,4,1,1,137200.0
1,38,2,2,3,6,32.7,0,14800.0,2,5,5,4,1320300.0
1,47,3,2,2,2,98.4,0,68200.0,2,4,1,3,601400.0
1,47,3,1,0,2,112.1,2,11400.0,1,1,3,2,129700.0
0,54,4,1,1,2,68.5,2,5500.0,3,1,5,1,220300.0
1,68,4,1,2,2,54.4,0,20900.0,4,3,4,2,242800.0
1,42,4,1,3,5,133.7,0,24500.0,2,4,4,5,921200.0
0,22,1,3,0,6,88.0,1,36100.0,4,2,4,3,251100.0
1,50,4,2,2,10,55.1,0,43300.0,4,2,4,5,1259700.0
1,28,1,2,1,10,37.6,2,178300.0,5,1,3,4,815100.0
1,25,1,2,1,6,65.9,0,232600.0,5,3,2,2,768300.0
0,51,4,1,4,4,76.2,2,9700.0,3,4,5,5,1238500.0
1,27,2,2,2,4,116.7,0,173800.0,2,3,2,4,746800.0
1,28,1,2,3,1,89.4,0,46800.0,5,5,5,3,474700.0
0,28,3,2,1,2,85.3,3,22000.0,3,3,4,5,498500.0
0,51,4,1,1,5,58.0,0,0.0,1,5,1,2,363400.0
1,31,2,2,1,10,138.3,0,49100.0,4,4,3,5,930000.0
0,46,3,3,1,15,124.2,2,55700.0,2,2,5,3,949900.0
1,23,1,1,1,2,121.4,0,8400.0,2,5,4,4,184200.0
1,40,4,1,1,10,87.9,0,8600.0,3,2,1,5,872000.0
0,47,4,2,0,1,104.0,0,33400.0,5,3,4,5,206900.0
1,21,1,1,1,4,20.0,0,400.0,4,3,3,1,277800.0
1,32,2,2,2,2,97.1,1,500.0,4,4,1,4,615800.0
1,24,1,3,3,9,157.3,2,211500.0,2,2,5,1,1843000.0
0,62,5,2,1,6,69.7,0,104300.0,2,4,5,1,875600.0
1,46,5,2,1,8,55.5,0,57400.0,4,5,5,3,748800.0
0,56,4,2,0,2,85.0,0,106500.0,1,3,5,3,1267800.0
0,21,2,1,3,1,59.8,1,23700.0,3,3,1,2,431600.0
1,46,3,1,1,4,57.7,1,12100.0,1,3,3,4,388000.0
0,45,3,3,2,9,99.3,2,29300.0,5,3,1,4,1026800.0
1,48,3,2,2,10,118.9,2,48600.0,1,3,5,3,1497600.0
0,68,4,1,1,4,99.6,0,23200.0,1,5,3,3,351700.0
1,31,3,1,1,2,49.9,0,12300.0,5,5,2,1,156800.0
0,26,1,2,4,8,66.6,0,252500.0,3,4,2,3,1762700.0
1,44,4,2,0,1,101.2,0,93400.0,4,1,1,5,227100.0
1,45,2,2,2,2,113.0,0,36300.0,1,3,5,4,490600.0
0,30,4,1,4,4,82.7,2,29100.0,3,3,2,2,866100.0
0,26,1,3,1,1,58.7,0,34300.0,5,1,2,1,458200.0
0,35,3,2,3,12,117.1,0,20800.0,3,4,4,5,1602700.0
1,23,2,2,3,8,153.4,0,45000.0,1,5,4,3,1561300.0
0,30,4,2,2,12,129.3,1,3300.0,4,3,3,2,1210700.0
1,48,3,1,1,4,159.5,0,5500.0,5,4,3,3,407400.0
1,43,4,3,1,12,68.3,0,33100.0,5,1,5,5,1392100.0
0,21,1,1,0,1,126.1,0,24400.0,1,5,2,2,76000.0
1,37,2,1,2,2,135.1,2,2100.0,3,5,1,3,387900.0
1,21,1,2,2,6,73.0,0,20500.0,4,4,1,5,613900.0
0,24,1,2,1,2,61.1,2,15100.0,5,2,4,5,330100.0
0,45,5,2,1,4,56.4,0,326600.0,1,2,3,2,758300.0
0,57,3,2,0,6,86.8,2,88700.0,1,2,5,5,436500.0
1,30,2,1,2,2,37.3,2,2500.0,2,1,4,3,284900.0
1,40,3,3,2,9,149.1,0,4200.0,2,2,4,2,1420700.0
1,53,4,1,3,1,45.1,0,4300.0,3,4,5,1,247400.0
1,54,5,2,2,8,104.8,0,21700.0,1,5,5,5,861900.0
1,28,1,1,2,2,20.0,1,1200.0,3,4,2,3,414200.0
1,56,4,2,2,2,161.6,0,79700.0,3,4,5,2,598800.0
1,36,2,1,1,4,133.7,0,1200.0,4,3,5,1,228600.0
0,37,4,2,1,2,34.2,0,39400.0,2,1,4,1,416200.0
0,24,2,3,3,18,100.7,1,171500.0,3,5,4,4,2310400.0
0,34,4,2,2,6,81.5,0,68300.0,4,3,1,4,1099400.0
0,20,1,2,1,6,95.4,0,134300.0,4,1,1,2,486100.0
1,28,1,2,0,10,112.2,0,12700.0,2,5,1,5,361700.0
1,25,1,2,1,6,62.0,0,21100.0,2,3,5,3,513800.0
0,48,2,3,1,15,88.1,0,6600.0,1,2,2,5,1150900.0
0,52,4,1,1,2,26.7,1,7200.0,3,4,4,3,200400.0
1,24,2,1,1,3,92.9,0,64800.0,4,2,3,3,213000.0
1,51,4,1,1,6,20.0,0,2600.0,1,5,2,4,574300.0
0,54,4,1,0,6,135.7,0,26700.0,3,3,3,4,328800.0
1,47,4,1,2,3,38.7,3,15800.0,3,3,5,5,695900.0
0,21,2,2,1,6,100.3,0,91100.0,1,3,3,2,499000.0
0,47,3,1,1,3,119.0,2,43500.0,4,4,1,3,428200.0
1,53,4,1,0,1,155.2,0,53200.0,1,3,4,4,160700.0
1,40,3,1,1,5,152.1,0,38800.0,3,1,2,2,305200.0
0,34,2,2,1,6,138.8,1,54800.0,1,1,1,4,765500.0
1,30,2,2,2,8,89.4,0,18500.0,1,1,4,3,978800.0
1,46,3,1,2,1,129.0,1,7400.0,3,2,1,1,284500.0
1,37,3,3,1,9,99.7,2,19200.0,2,5,2,4,667900.0
1,22,2,1,1,5,102.6,0,7100.0,4,2,5,2,453600.0
1,22,1,4,1,12,68.3,1,9500.0,3,2,3,5,1098500.0
1,46,3,2,5,2,151.0,0,76400.0,2,4,5,5,1152900.0
1,53,4,1,4,3,61.9,2,3500.0,1,2,3,3,460300.0
0,22,2,2,1,6,52.5,0,26200.0,2,4,3,1,609400.0
0,57,4,2,2,8,104.3,0,98800.0,3,1,2,4,1121800.0
0,22,1,1,2,2,27.3,0,4300.0,3,1,2,4,154500.0
1,46,3,2,2,12,94.1,2,28500.0,1,2,5,1,1993000.0
0,41,3,1,2,2,147.2,0,500.0,3,2,4,3,293000.0
1,40,4,1,4,4,104.5,0,6100.0,5,1,4,3,853300.0
1,55,4,1,1,2,91.1,0,7000.0,2,3,5,2,128400.0
0,27,1,1,1,7,60.6,1,1600.0,5,1,3,2,368800.0
1,50,4,1,2,7,37.4,0,0.0,5,3,2,2,631800.0
1,28,1,3,2,6,120.2,0,56900.0,2,1,5,3,822900.0
1,42,4,1,2,5,91.0,0,5400.0,3,5,4,4,703800.0
0,42,4,1,1,3,111.9,0,300.0,2,4,3,5,309000.0
1,43,3,2,1,6,20.0,0,5400.0,1,4,4,3,660500.0
1,20,1,3,0,3,115.6,0,16600.0,5,5,3,1,281700.0
1,58,4,4,1,8,159.5,0,80000.0,5,3,4,5,1006900.0
1,22,1,2,1,8,136.9,0,109200.0,3,2,1,3,462600.0
1,23,1,4,5,20,100.4,0,118700.0,2,2,3,3,3526700.0
1,40,4,2,1,4,53.4,0,18900.0,4,4,3,2,549800.0
1,33,2,3,2,6,94.3,1,64900.0,3,2,3,4,1479600.0
1,50,4,2,1,1,95.4,0,15700.0,3,3,1,4,281100.0
0,34,2,1,2,5,72.7,0,31700.0,3,2,1,5,398000.0
1,24,2,1,1,2,75.3,0,24400.0,2,1,4,3,164700.0
1,46,3,2,2,4,163.4,0,2500.0,3,5,2,2,402000.0
1,37,3,1,1,4,56.2,2,500.0,1,4,4,1,335900.0
0,23,1,1,1,6,75.0,0,1300.0,1,2,3,3,366500.0
1,46,3,2,1,2,109.6,0,86000.0,5,3,3,2,415000.0
0,33,3,3,1,6,166.3,2,70500.0,5,2,4,1,850800.0
1,32,2,1,3,1,79.5,1,7800.0,2,5,5,1,433600.0
0,35,3,2,3,4,27.0,1,313200.0,4,1,2,5,1290400.0
1,43,3,2,4,4,20.0,1,88200.0,5,4,1,4,1513900.0
1,42,3,3,2,3,178.2,0,26000.0,5,4,2,4,4234600.0
0,48,3,3,4,12,23.2,2,57100.0,5,3,5,5,2868300.0
1,24,1,2,2,4,92.7,2,24700.0,5,1,4,3,670900.0
0,46,3,2,1,4,37.1,0,210500.0,3,2,4,2,750900.0
1,45,3,1,1,1,62.4,1,0.0,5,2,3,4,248800.0
1,44,4,2,1,4,67.3,0,50300.0,2,3,4,5,612600.0
1,36,2,2,0,8,21.6,1,91200.0,3,1,5,4,463100.0
1,55,4,3,0,9,132.7,0,144300.0,3,3,4,4,623500.0
1,41,3,2,0,2,105.1,0,16800.0,2,5,4,4,227900.0
0,22,1,1,2,7,75.1,0,400.0,4,5,5,3,790800.0
0,31,2,2,1,4,69.9,0,39400.0,5,2,1,5,439100.0
1,52,5,1,1,3,128.1,0,12700.0,1,5,2,4,239200.0
1,20,2,1,2,3,93.1,0,4300.0,4,3,4,4,253400.0
1,67,5,1,2,5,163.0,1,21800.0,5,4,2,5,736700.0
1,45,5,1,4,1,74.3,2,7000.0,1,5,2,1,841300.0
1,41,3,2,1,6,104.9,0,7100.0,3,3,3,3,702700.0
1,27,3,1,1,1,46.9,2,13000.0,3,4,1,3,298900.0
0,25,2,1,1,3,74.8,0,30500.0,3,4,2,2,170700.0
1,56,5,3,1,9,126.3,1,2000.0,5,5,3,2,1437400.0
0,20,1,1,1,5,131.3,0,3100.0,2,1,5,1,194400.0
0,46,3,1,1,5,154.4,2,25900.0,3,5,5,2,451900.0
0,32,1,1,5,2,105.6,1,22900.0,3,5,5,4,434200.0
0,27,2,1,0,1,133.3,0,53800.0,3,1,5,4,108500.0
1,25,1,1,0,2,111.8,0,1500.0,5,5,5,2,129400.0
0,33,3,1,0,1,75.5,2,13400.0,1,3,3,3,100700.0
1,67,5,2,2,8,37.0,1,31100.0,4,1,1,1,1294900.0
0,38,3,1,1,5,81.9,0,16700.0,3,3,1,4,498600.0
0,31,1,1,1,5,49.9,0,58800.0,4,4,3,1,1245700.0
0,35,2,2,0,1,126.9,1,9500.0,2,1,3,2,167900.0
0,34,2,1,1,5,128.9,3,17400.0,2,4,4,5,359000.0
1,34,2,3,0,3,54.5,0,79400.0,2,2,2,1,1413600.0
1,52,4,2,1,4,128.9,2,37400.0,3,2,5,1,605400.0
1,37,3,1,0,2,48.7,0,6100.0,4,3,2,2,102000.0
1,37,1,2,2,1,140.6,2,112300.0,1,4,4,2,412400.0
0,24,1,1,1,3,84.3,1,5000.0,5,4,1,4,204600.0
1,67,6,1,2,1,106.1,0,2800.0,4,1,5,5,226900.0
1,27,1,2,1,8,140.7,0,40600.0,5,2,1,5,696900.0
1,22,3,2,1,6,110.9,0,61000.0,4,3,3,1,658400.0
0,41,5,2,0,6,85.3,0,4500.0,3,3,2,5,461600.0
0,38,1,3,1,15,120.6,2,174900.0,1,1,1,2,1250900.0
0,31,2,1,1,3,56.1,1,9300.0,3,1,4,2,335700.0
0,38,2,2,1,8,22.5,0,27800.0,2,3,1,2,640200.0
1,43,4,2,2,2,130.1,2,142600.0,1,1,5,1,902300.0
1,21,1,4,2,4,44.1,0,7600.0,4,4,5,3,2695900.0
1,40,3,2,2,8,122.3,1,2400.0,3,3,2,2,1114100.0
1,43,4,3,0,6,94.9,1,69300.0,5,5,3,5,613000.0
1,38,1,1,1,3,89.5,2,3100.0,3,2,5,5,253600.0
1,38,3,2,0,2,56.9,0,86800.0,3,2,4,2,271400.0
1,23,2,1,2,3,74.2,0,200.0,4,5,2,3,412900.0
0,48,3,1,1,4,90.5,0,2700.0,4,5,5,1,240500.0
0,35,3,3,0,6,97.0,0,16100.0,2,4,4,2,441200.0
0,20,2,1,3,4,58.4,0,12100.0,1,3,1,1,270900.0
1,35,2,3,1,20,116.0,1,15500.0,3,1,4,3,1820700.0
1,68,5,1,1,4,118.3,0,16900.0,5,2,2,2,416000.0
0,31,2,2,0,4,106.9,0,102500.0,4,5,5,2,362900.0
1,55,3,1,1,5,74.6,0,12700.0,4,3,3,2,245500.0
0,31,4,1,3,1,120.1,0,5300.0,2,1,3,4,217100.0
1,23,1,1,1,2,111.7,1,1900.0,1,2,4,2,200800.0
0,27,2,2,4,4,21.6,0,50900.0,2,3,4,2,967000.0
0,36,2,1,0,4,97.4,0,19700.0,4,2,4,3,206700.0
1,28,1,2,1,2,157.7,0,124700.0,5,4,5,3,368200.0
0,26,3,1,2,3,124.0,0,9700.0,2,2,3,4,212300.0
0,50,5,1,1,7,130.4,0,1600.0,3,4,3,2,691300.0
0,51,4,1,0,1,65.5,2,3500.0,4,4,2,5,131300.0
1,45,3,1,1,3,94.4,1,25300.0,4,4,2,1,317100.0
1,26,1,2,1,6,83.6,0,82600.0,2,1,1,2,461300.0
0,22,1,3,2,9,89.9,0,101100.0,5,1,5,4,920900.0
1,28,1,1,2,1,72.0,2,157300.0,2,4,4,5,441900.0
1,46,3,2,2,2,46.8,0,155300.0,5,3,2,3,752000.0
0,55,6,2,2,4,92.3,0,42700.0,4,4,1,1,998500.0
0,35,2,1,1,7,62.7,0,3900.0,2,3,1,4,578200.0
0,20,2,1,1,5,110.5,1,4400.0,1,2,3,3,353400.0
0,34,3,2,2,10,88.9,2,51000.0,2,1,5,2,1431500.0
1,32,2,1,4,2,22.5,0,6100.0,2,3,5,4,358800.0
0,36,3,1,0,8,138.4,0,18400.0,1,3,4,2,443100.0
1,32,2,1,1,5,105.2,1,47900.0,1,3,5,4,337800.0
1,44,4,2,1,8,74.0,2,95900.0,3,5,4,4,870100.0
0,26,1,1,1,3,78.2,2,13700.0,1,1,5,2,252700.0
1,22,1,1,1,5,47.0,1,2800.0,5,5,3,4,312700.0
0,61,6,1,1,2,87.8,2,2900.0,3,2,1,3,399600.0
1,25,1,1,0,4,113.8,0,10200.0,5,3,5,3,120800.0
1,27,2,1,2,1,151.1,0,45500.0,3,1,5,1,118700.0
1,23,3,3,2,6,86.9,0,131100.0,3,1,3,1,1590800.0
1,28,1,1,4,3,91.7,0,2700.0,5,1,2,4,562400.0
0,37,2,2,0,14,131.7,0,3200.0,4,3,4,3,430100.0
1,46,3,1,1,5,49.4,2,13300.0,4,4,2,2,595900.0
1,36,2,2,1,10,95.1,0,175600.0,2,4,1,4,1059400.0
1,32,3,2,1,6,63.5,1,108000.0,4,4,2,2,859600.0
1,45,3,1,1,1,94.6,0,6900.0,2,5,1,5,91200.0
1,34,2,2,2,4,122.8,1,84000.0,4,3,4,1,718700.0
0,50,5,2,0,4,32.2,0,34500.0,2,2,3,4,306100.0
0,52,3,2,4,10,128.9,1,175800.0,2,5,1,4,2540400.0
1,20,2,1,2,1,102.6,0,15100.0,1,1,4,2,120000.0
0,43,3,4,2,12,94.9,0,25900.0,2,4,3,1,2399000.0
1,32,4,2,2,4,137.1,0,35700.0,5,1,2,2,860400.0
1,63,5,3,1,6,62.3,0,100900.0,5,5,2,2,895800.0
0,38,1,2,2,6,43.1,0,149800.0,2,4,1,1,589000.0
0,62,5,2,1,10,54.1,0,26600.0,5,3,5,5,933800.0
1,45,2,2,3,6,108.6,0,37200.0,4,4,5,3,1217800.0
0,25,3,3,0,3,72.7,1,137200.0,5,4,3,3,449800.0
1,36,1,3,1,9,59.4,1,2900.0,1,4,2,5,605200.0
1,68,6,1,1,1,55.8,2,16500.0,5,5,4,1,285700.0
1,56,4,2,1,6,96.1,0,36300.0,4,4,3,4,693200.0
0,20,1,1,1,2,89.0,0,4600.0,4,5,1,1,124100.0
1,47,2,2,1,10,40.3,1,35500.0,2,1,1,2,917200.0
1,34,2,1,3,4,41.5,0,20000.0,3,3,3,1,537600.0
1,28,1,1,1,5,71.6,0,10300.0,4,4,4,3,322900.0
0,34,2,3,1,3,122.1,1,157800.0,2,5,2,4,571000.0
1,24,3,1,1,1,75.1,0,20300.0,2,4,2,5,154100.0
1,41,3,2,1,2,38.3,0,107300.0,5,4,4,1,345400.0
0,32,2,2,1,4,87.0,1,79000.0,5,4,2,4,539200.0
0,48,3,1,2,2,91.3,1,9800.0,2,2,5,4,237000.0
0,26,1,1,0,1,38.0,1,1200.0,1,3,5,3,77800.0
1,20,3,2,1,2,47.4,0,65900.0,2,3,4,2,268200.0
1,22,1,1,1,4,116.0,2,15300.0,5,5,5,4,1741100.0
1,21,1,2,1,12,46.9,1,30200.0,4,1,3,4,712000.0
0,20,1,4,1,12,117.5,1,294700.0,1,1,2,1,4806200.0
0,28,1,1,2,1,35.9,1,26100.0,3,1,3,5,331200.0
1,37,2,1,1,6,37.2,0,1700.0,4,4,4,1,485200.0
1,24,2,1,1,2,90.8,0,20700.0,5,5,5,3,212200.0
1,31,1,2,1,6,63.6,1,14100.0,4,4,3,4,567300.0
0,30,2,1,1,7,71.3,1,20800.0,4,2,3,2,734700.0
1,56,5,1,2,3,95.3,0,24200.0,5,5,1,4,284300.0
0,51,3,2,1,10,70.3,1,8700.0,4,5,3,2,755100.0
1,30,3,3,1,12,56.8,0,27200.0,2,5,5,2,1011300.0
1,31,1,1,2,4,107.2,0,29800.0,1,2,2,2,237800.0
1,26,2,1,1,4,96.3,0,5900.0,5,5,2,5,733900.0
1,56,4,3,3,18,91.5,0,2700.0,1,2,2,1,3250500.0
0,25,1,2,1,6,89.4,0,2100.0,2,1,5,3,535000.0
0,24,1,2,1,6,61.9,1,18700.0,5,5,2,5,2256100.0
1,22,1,2,3,8,54.6,0,12700.0,2,4,2,5,1014000.0
1,22,1,4,2,20,77.9,0,46500.0,3,3,4,2,2507200.0
0,28,1,2,1,4,62.5,3,36500.0,3,2,4,5,466800.0
0,43,3,3,2,3,89.6,0,23600.0,3,1,1,3,836500.0
0,28,1,2,1,4,76.3,1,107600.0,1,1,1,3,508200.0
1,43,3,2,1,6,90.6,2,42200.0,3,3,3,4,564600.0
0,21,2,1,0,2,86.7,0,34700.0,3,5,3,5,125400.0
0,23,2,1,0,3,151.8,1,4400.0,2,4,3,4,135500.0
0,55,4,2,2,8,41.5,3,217500.0,4,3,1,3,1212500.0
0,25,1,1,0,1,83.4,2,41400.0,4,5,2,5,138800.0
0,44,3,2,0,10,51.2,0,17600.0,3,5,3,2,594000.0
1,30,2,1,2,1,73.1,0,32400.0,4,2,2,2,156100.0
0,22,2,2,0,10,61.4,0,41100.0,3,4,2,5,471100.0
1,54,4,1,1,4,112.4,1,5200.0,3,4,1,4,251200.0
0,25,1,2,1,8,38.4,2,31700.0,1,2,4,4,603100.0
1,50,5,2,1,8,117.3,1,45200.0,5,5,4,2,1209400.0
1,28,1,1,2,2,108.5,0,800.0,4,5,5,4,168900.0
1,52,5,2,1,2,161.9,0,7300.0,3,4,4,2,398800.0
1,22,2,1,1,2,153.1,0,6700.0,4,4,3,1,182500.0
0,31,1,1,2,5,62.1,0,47700.0,1,4,1,2,580500.0
0,47,2,1,1,2,133.3,1,22300.0,1,4,2,1,169700.0
1,52,4,1,1,1,78.6,0,7900.0,3,5,1,5,115200.0
1,55,4,4,3,20,100.7,0,34600.0,4,4,5,1,5106800.0
1,41,3,1,1,3,150.2,1,4100.0,4,5,5,3,196500.0
1,56,5,2,1,2,63.5,0,115100.0,4,2,5,4,523100.0
1,23,1,1,0,1,92.0,2,26600.0,1,1,2,1,56300.0
1,28,1,2,1,10,21.8,0,52500.0,2,2,5,3,469500.0
0,28,1,1,0,3,121.1,2,2100.0,2,2,5,3,99700.0
1,36,3,2,1,6,163.6,0,5100.0,4,3,5,4,520600.0
1,37,2,2,2,4,110.1,0,54200.0,4,2,2,2,691000.0
0,32,3,2,1,4,137.9,1,32600.0,5,3,5,3,554200.0
1,24,1,1,1,3,130.0,2,25800.0,3,3,3,1,210100.0
0,41,3,2,2,4,65.3,0,54400.0,1,3,1,4,762700.0
1,26,2,1,1,5,101.3,1,11900.0,5,2,5,1,549000.0
0,27,2,1,2,3,107.3,3,8900.0,4,1,5,2,632100.0
1,38,2,1,1,4,49.2,0,5900.0,2,3,1,4,160800.0
1,46,3,1,0,3,140.6,1,14400.0,2,4,5,3,169400.0
0,47,4,2,3,10,72.3,0,62400.0,5,4,5,1,1593000.0
1,48,3,2,1,2,82.4,0,179400.0,2,5,3,1,516600.0
1,25,1,1,5,3,80.8,0,17500.0,2,4,4,3,376200.0
1,31,4,1,0,4,91.3,0,4900.0,3,4,2,3,241600.0
0,21,1,1,1,2,192.5,0,15500.0,4,3,2,2,127700.0
0,33,1,2,0,2,68.8,0,35900.0,5,2,1,2,152400.0
0,38,1,2,0,2,35.9,0,58100.0,1,4,3,3,238200.0
1,26,1,1,2,3,95.7,0,8100.0,1,2,2,4,191500.0
1,21,2,2,2,6,59.8,0,9600.0,4,1,1,3,820300.0
1,57,4,2,2,2,75.7,0,5600.0,1,4,1,3,427200.0
1,56,4,2,1,12,111.7,0,81900.0,2,1,1,5,823000.0
1,38,2,2,1,4,51.9,2,16400.0,3,1,2,4,497000.0
1,27,2,2,2,2,77.3,0,112800.0,5,5,4,4,545500.0
0,22,1,2,1,12,100.3,0,81500.0,5,2,1,2,892000.0
1,30,4,1,2,3,62.8,0,5300.0,2,2,5,2,309800.0
0,51,4,1,1,1,88.6,1,41700.0,4,5,4,2,250000.0
1,21,3,1,0,2,100.2,0,12800.0,3,3,4,1,119800.0
1,43,3,2,2,4,85.9,0,54200.0,1,5,5,4,758800.0
1,25,2,2,2,8,95.5,1,99600.0,5,5,2,5,1216300.0
0,63,5,1,2,3,102.5,0,6400.0,5,5,2,2,336600.0
0,38,1,1,0,3,66.4,0,2400.0,4,1,3,2,149100.0
0,43,4,2,1,10,38.6,2,28300.0,3,2,2,2,750400.0
0,35,3,2,1,2,53.8,0,12200.0,1,3,3,2,391100.0
0,35,2,3,1,9,48.1,0,47300.0,5,4,1,2,1111500.0
1,20,2,2,1,10,133.1,0,39000.0,5,4,2,1,687700.0
1,27,1,2,2,6,29.2,0,22800.0,1,4,2,5,562700.0
0,52,5,1,1,3,112.0,0,13000.0,3,3,5,4,312500.0
0,55,4,1,1,2,66.0,0,2300.0,3,4,1,5,233000.0
1,52,4,1,1,4,126.2,0,3600.0,3,3,3,3,291600.0
1,31,2,2,3,8,75.2,0,18500.0,5,4,1,4,1193300.0
1,44,3,1,0,4,91.1,2,11000.0,2,4,4,2,270000.0
1,20,2,2,2,1,108.1,1,35200.0,5,3,5,3,517100.0
1,38,2,2,4,8,133.9,0,13100.0,4,2,4,3,1656900.0
1,26,1,1,2,2,70.0,0,9000.0,4,3,3,3,130900.0
1,42,3,2,5,4,68.4,0,9800.0,5,3,2,3,1362500.0
0,33,3,1,2,5,107.9,0,8900.0,5,5,2,2,576600.0
1,25,1,1,1,3,34.5,3,6300.0,1,1,2,3,278400.0
0,32,2,2,1,4,29.9,3,15300.0,3,1,3,5,295100.0
1,46,5,1,1,5,102.8,0,23800.0,1,2,4,2,416500.0
0,35,2,2,0,4,113.4,0,24000.0,4,2,3,3,211100.0
1,28,2,2,2,2,101.7,2,46300.0,4,2,3,3,466600.0
1,24,2,3,1,9,86.6,1,77200.0,2,1,4,5,771700.0
1,23,1,2,2,6,71.2,0,39200.0,3,2,2,1,433600.0
1,22,3,1,1,1,145.6,0,7700.0,3,2,5,1,161400.0
0,40,4,2,1,6,150.1,0,1100.0,4,3,3,5,788800.0
0,32,2,1,4,1,93.8,2,7100.0,1,3,3,1,347600.0
0,42,3,1,1,4,66.1,0,11800.0,5,1,4,4,213300.0
0,36,3,1,2,3,54.7,1,1300.0,3,3,5,4,582000.0
1,46,3,1,2,4,105.1,0,23000.0,5,2,3,4,294700.0
0,20,2,2,1,6,47.0,2,130800.0,4,3,1,1,528100.0
1,32,2,1,1,6,47.8,0,1000.0,2,5,5,4,384300.0
1,47,3,2,1,2,73.1,0,178000.0,4,3,3,4,612100.0
1,28,1,1,2,3,107.8,0,4200.0,5,1,5,1,179300.0
0,26,1,1,1,5,141.4,0,3300.0,4,2,1,5,261400.0
1,56,3,3,1,6,98.8,0,119600.0,3,2,1,2,795500.0
1,37,3,1,2,3,107.4,0,700.0,5,1,5,4,286700.0
1,45,4,2,1,4,124.4,0,9800.0,5,3,2,1,541200.0
1,22,2,1,2,5,121.1,0,0.0,2,2,5,2,376500.0
1,40,3,1,3,1,70.7,0,12100.0,3,2,4,2,205200.0
0,26,2,2,3,2,120.5,0,23800.0,1,5,2,3,544400.0
1,20,1,2,2,6,126.1,0,106400.0,2,1,1,2,606300.0
0,30,3,1,1,3,100.9,0,19100.0,3,3,2,4,219200.0
0,28,1,1,5,4,94.8,0,2000.0,1,3,1,5,603000.0
0,36,4,1,1,4,111.0,0,6600.0,5,2,1,4,271700.0
0,23,2,2,1,8,107.3,0,6100.0,2,4,1,3,712100.0
0,25,1,2,0,10,24.8,0,26800.0,5,5,4,2,309900.0
0,20,1,2,5,6,105.0,0,21000.0,5,5,4,3,1589300.0
1,26,1,2,2,8,131.3,1,112800.0,5,5,3,4,881700.0
1,55,3,3,2,1,124.6,0,43400.0,3,2,4,4,773100.0
1,23,1,2,0,8,103.2,0,62400.0,1,1,1,4,461400.0
1,36,2,2,2,8,95.2,1,8300.0,3,1,5,5,1132000.0
0,22,1,2,2,2,76.1,0,158600.0,5,5,2,4,2398900.0
1,20,3,2,2,10,86.0,0,23400.0,2,4,5,4,927700.0
1,53,4,1,1,2,115.5,0,4100.0,5,4,1,2,208800.0
0,22,2,2,1,4,103.5,1,185600.0,1,3,5,5,564700.0
1,60,6,3,0,9,121.6,1,42600.0,3,4,2,2,813200.0
0,21,1,1,1,4,71.8,1,12000.0,1,5,3,3,294600.0
1,44,3,1,1,4,127.9,2,7200.0,3,3,3,1,359000.0
1,37,3,3,1,6,68.4,1,29700.0,1,5,4,2,861800.0
0,50,6,1,0,1,97.1,1,63500.0,1,1,5,5,207600.0
0,33,2,2,1,10,70.3,0,8700.0,3,5,4,2,499600.0
1,33,3,1,0,4,86.6,0,8000.0,3,3,4,1,210600.0
1,24,3,1,3,5,161.2,2,9300.0,3,5,5,2,791500.0
0,26,2,1,1,3,107.8,2,1900.0,4,2,5,1,215200.0
1,57,6,1,1,3,97.9,0,7500.0,1,3,2,5,372900.0
0,25,1,1,1,2,139.4,0,6200.0,4,4,5,2,185000.0
1,30,4,2,1,6,20.0,2,14700.0,4,1,5,5,628300.0
1,46,4,2,3,2,84.4,0,20200.0,5,4,4,5,765600.0
0,32,1,4,0,8,72.5,0,29200.0,4,5,3,3,400000.0
0,55,6,1,1,4,60.0,0,14000.0,4,4,1,3,365700.0
0,47,3,2,4,4,36.5,0,27500.0,3,3,3,2,939100.0
0,36,2,2,1,10,82.3,0,44500.0,3,2,5,2,790600.0
0,55,4,2,0,8,114.3,1,10600.0,2,4,1,5,416200.0
1,28,1,2,0,4,84.9,0,79900.0,1,5,5,3,314600.0
0,28,1,1,0,4,118.0,2,11800.0,4,4,2,2,184900.0
1,30,3,1,5,1,92.5,2,5600.0,4,4,5,2,455500.0
1,20,1,1,1,4,130.8,1,74000.0,1,3,1,2,374200.0
1,40,3,1,3,2,72.4,3,15000.0,3,5,2,3,496000.0
1,57,3,2,5,14,24.5,0,64600.0,3,5,1,2,4234300.0
0,36,2,1,1,3,34.7,0,1600.0,1,2,2,5,219300.0
1,32,3,3,0,6,72.6,1,49900.0,1,3,4,2,344300.0
1,61,6,3,0,18,59.2,0,105200.0,3,3,1,4,1105900.0
1,33,4,4,1,4,69.3,0,31600.0,1,1,4,1,2883400.0
0,32,2,3,1,6,129.9,0,5400.0,3,2,4,5,873600.0
1,36,2,1,1,4,37.5,1,2600.0,1,2,5,2,376200.0
1,57,6,2,1,14,142.8,1,10900.0,3,5,3,4,1789700.0
0,35,3,1,3,5,61.8,1,6600.0,2,5,2,3,1171000.0
0,42,3,2,1,4,46.5,1,10700.0,3,2,1,5,524100.0
0,45,4,3,2,12,85.2,1,24700.0,3,3,4,5,1628100.0
1,31,4,2,3,10,142.5,0,20500.0,4,1,5,2,2561300.0
1,36,3,1,0,2,65.1,0,19600.0,3,5,1,3,102600.0
1,56,4,2,1,4,69.0,1,338600.0,1,1,5,2,838600.0
0,33,3,1,0,1,71.3,0,4900.0,5,2,1,4,78100.0
0,47,2,1,0,1,130.3,3,13300.0,1,3,5,1,97400.0
1,53,4,2,1,6,74.4,1,8200.0,4,1,5,3,870700.0
0,36,2,1,1,4,105.6,1,18600.0,1,4,3,1,271700.0
0,43,3,4,1,8,94.2,2,61100.0,2,2,4,4,1050000.0
1,44,2,1,5,1,86.2,0,95600.0,5,3,2,5,319500.0
0,56,3,2,0,2,72.5,0,11600.0,5,2,2,4,205300.0
1,32,3,2,1,10,158.9,0,25100.0,4,2,1,1,744400.0
0,24,2,2,0,2,187.7,0,11100.0,5,1,1,3,869000.0
0,32,4,2,1,4,59.1,0,142200.0,3,1,3,2,690000.0
0,44,3,3,1,6,52.5,0,18900.0,4,4,1,1,864900.0
1,32,2,1,3,1,91.4,1,17900.0,2,5,2,3,296600.0
1,46,5,3,1,12,20.0,0,135100.0,5,4,4,1,1887100.0
1,30,2,1,0,2,91.7,0,500.0,5,3,3,5,108500.0
1,48,4,1,1,2,160.3,0,5200.0,4,3,1,5,123800.0
0,28,2,1,0,2,69.0,0,600.0,5,2,3,2,127300.0
1,44,2,2,1,8,127.8,0,37100.0,5,1,3,5,409000.0
1,38,3,2,1,16,141.4,0,52400.0,2,2,3,4,1294300.0
1,25,2,2,0,4,59.8,1,15700.0,2,5,1,2,275200.0
0,24,1,2,1,6,96.2,0,279600.0,4,2,5,1,522700.0
1,42,2,1,1,3,102.4,0,13800.0,5,3,1,4,172300.0
0,37,1,3,1,1,115.5,0,91800.0,1,3,1,3,343800.0
0,23,1,1,0,3,118.1,0,5700.0,4,4,1,1,146700.0
1,62,5,3,5,9,129.3,1,22500.0,2,2,1,5,4560300.0
1,45,3,1,1,7,62.6,2,6800.0,1,1,1,1,437300.0
0,57,4,2,2,6,96.1,1,49200.0,5,5,3,5,1274300.0
0,38,4,1,1,2,141.9,0,3200.0,4,5,3,4,234700.0
1,35,2,1,1,1,145.7,0,13600.0,4,1,1,4,92100.0
1,54,3,1,1,5,97.9,0,24900.0,2,5,4,4,289400.0
1,31,2,1,1,2,71.4,0,9500.0,3,1,4,2,124500.0
1,41,3,1,0,2,126.2,0,1800.0,3,1,5,5,154700.0
1,28,1,1,1,3,108.8,1,27300.0,3,4,4,1,263100.0
0,31,2,2,3,4,108.0,0,4700.0,4,2,2,1,2579300.0
1,21,1,2,2,2,117.2,0,46100.0,2,3,2,1,262500.0
1,22,2,2,0,10,56.7,0,93000.0,2,3,4,2,371000.0
0,22,3,3,1,6,119.6,1,51200.0,3,2,1,2,927100.0
1,23,1,2,3,4,95.4,0,220200.0,1,5,4,5,901600.0
0,66,5,2,2,8,130.0,0,6300.0,3,1,2,2,911100.0
1,28,1,2,0,2,90.7,0,103300.0,4,3,4,4,245800.0
1,41,4,1,3,1,110.4,0,11400.0,1,4,3,1,189100.0
1,43,3,2,1,6,106.0,0,44200.0,2,5,5,4,396400.0
1,38,4,1,1,1,70.9,0,18500.0,5,4,3,2,750000.0
1,21,1,2,1,4,58.4,0,23600.0,1,3,3,1,358500.0
1,40,3,2,3,10,118.2,0,23500.0,2,2,5,3,2053100.0
1,37,2,1,3,3,60.0,0,700.0,1,2,1,4,316700.0
0,48,5,2,3,4,78.2,1,2700.0,3,4,5,3,868000.0
1,46,4,1,0,1,77.2,0,13400.0,1,5,1,5,123500.0
0,67,4,1,3,4,102.8,0,9200.0,1,3,2,4,3656900.0
1,33,2,1,0,5,113.7,0,3900.0,1,1,4,1,151400.0
1,33,2,2,1,6,35.5,1,14700.0,4,2,2,1,2304900.0
1,41,3,2,1,12,64.6,0,14400.0,4,4,2,3,783300.0
0,27,2,2,1,10,63.0,0,5100.0,3,3,2,1,1025700.0
0,51,5,1,1,4,82.0,1,8500.0,5,5,4,4,578100.0
1,28,2,2,1,8,20.3,0,10900.0,4,1,1,2,663900.0
0,23,3,2,3,4,129.7,0,1200.0,5,1,5,2,702600.0
0,40,3,1,1,3,92.1,0,25800.0,4,2,1,1,293100.0
0,33,3,2,1,12,85.3,0,22000.0,2,1,1,5,964700.0
1,32,3,1,3,3,116.4,3,30100.0,2,3,3,4,787000.0
1,35,2,1,0,1,108.1,0,19300.0,1,2,4,5,89200.0
0,56,5,2,1,10,107.7,0,12400.0,5,2,1,3,954600.0
0,37,1,2,2,6,89.5,3,14400.0,1,2,1,1,883800.0
0,51,5,1,1,1,93.7,1,18200.0,1,3,2,3,205800.0
1,25,1,1,2,2,119.6,0,40100.0,4,4,3,5,211800.0
1,45,3,1,0,2,108.6,1,9600.0,4,1,5,4,200200.0
0,54,5,1,3,1,150.5,1,9000.0,1,1,3,5,658500.0
0,26,1,1,0,4,94.9,1,11300.0,4,4,2,2,190400.0
0,32,2,1,1,3,112.8,0,1000.0,2,2,2,5,232400.0
1,23,1,2,0,10,85.7,0,105700.0,2,5,2,5,405200.0
1,48,3,1,1,2,101.3,0,16500.0,5,3,4,5,151900.0
0,33,2,2,2,4,103.2,0,15100.0,2,2,2,5,717700.0
0,42,4,2,3,2,74.5,0,131500.0,1,2,1,4,860900.0
0,21,3,1,2,5,67.4,0,75900.0,3,2,4,1,466400.0
1,24,1,1,1,4,112.4,0,2700.0,4,1,2,4,212800.0
0,23,2,2,3,6,105.9,0,136000.0,1,1,4,3,1412000.0
1,27,1,1,1,5,141.4,0,13000.0,4,5,1,2,189500.0
1,36,3,1,1,2,90.2,0,9300.0,5,3,2,1,237900.0
0,55,4,1,1,4,55.2,2,57000.0,1,2,2,2,595600.0
0,41,3,2,1,2,90.4,1,40400.0,1,1,1,2,516000.0
0,32,2,2,2,1,116.9,2,57300.0,1,4,2,1,678700.0
1,58,3,4,0,12,20.0,0,105800.0,5,1,1,1,899600.0
1,48,4,3,1,9,89.8,1,64400.0,1,2,2,3,838800.0
1,54,5,1,2,6,113.3,2,11400.0,4,2,2,4,1004100.0
1,32,2,1,3,2,98.2,1,4300.0,3,1,3,1,324200.0
0,21,1,1,3,4,77.5,1,9000.0,1,4,4,3,656200.0
1,27,2,1,1,2,47.9,0,3600.0,5,4,5,5,192500.0
1,45,4,1,1,1,89.6,0,10400.0,5,2,3,1,112700.0
0,26,1,1,1,5,47.1,2,19100.0,1,1,3,4,402900.0
1,20,1,1,1,4,113.6,1,600.0,5,3,4,5,215400.0
1,30,3,1,3,1,92.1,1,21700.0,2,3,3,5,316000.0
1,31,2,1,3,2,142.3,0,300.0,5,2,1,5,259100.0
1,32,2,3,3,15,21.6,0,97700.0,3,4,3,5,1855300.0
1,20,1,2,0,2,78.1,0,3700.0,2,3,5,2,178100.0
1,34,3,4,3,12,115.7,1,31900.0,4,1,1,4,1557500.0
0,32,3,1,3,5,130.0,2,21500.0,2,5,4,3,890200.0
0,60,7,1,1,2,117.1,0,8100.0,3,5,4,1,225600.0
1,47,4,1,1,2,56.6,1,1000.0,2,4,4,3,237000.0
0,55,6,1,2,3,73.2,0,17700.0,1,5,1,2,406000.0
0,48,3,1,1,2,20.0,0,10700.0,5,1,4,5,204000.0
1,32,3,3,5,9,91.6,0,31900.0,1,2,4,1,2838800.0
1,28,1,4,1,8,130.7,1,1700.0,1,2,5,4,1027300.0
1,48,4,1,2,4,90.2,2,1900.0,1,1,2,1,620200.0
1,30,2,1,2,3,110.2,0,5200.0,2,2,2,1,193300.0
0,32,2,1,1,4,109.3,0,9200.0,4,1,2,3,179900.0
0,35,3,1,3,5,78.9,0,9700.0,5,1,4,5,466300.0
0,37,3,1,1,3,20.0,0,13100.0,2,5,1,4,240900.0
1,33,1,1,1,1,136.9,3,6800.0,1,5,4,1,131500.0
1,34,2,1,0,1,105.1,2,37900.0,3,4,2,2,113700.0
0,28,1,1,1,2,46.2,0,10300.0,3,5,5,2,106100.0
1,45,3,1,2,3,103.0,0,8300.0,1,2,4,5,350000.0
1,26,2,1,3,5,97.0,0,700.0,4,5,4,1,791100.0
1,26,1,1,1,2,135.9,0,13700.0,5,1,4,5,111600.0
1,33,4,4,1,4,106.5,1,29300.0,2,5,1,1,753100.0
0,43,3,1,0,7,106.6,0,13100.0,4,2,5,4,225100.0
1,33,3,2,2,10,97.0,2,9800.0,3,4,5,2,1135300.0
1,24,2,2,4,4,63.1,0,25000.0,1,3,5,3,844000.0
1,34,2,3,1,6,113.5,3,1800.0,2,1,5,5,679000.0
1,37,2,2,1,4,89.1,0,41900.0,4,2,2,4,473700.0
1,58,5,2,1,4,56.7,1,136200.0,4,2,4,2,891000.0
1,51,5,2,0,2,66.9,1,95200.0,4,3,5,4,381600.0
0,36,2,1,2,3,50.2,0,16100.0,2,4,3,3,272500.0
1,20,1,2,1,4,127.1,0,127800.0,5,1,3,1,557500.0
1,40,2,4,2,20,159.3,2,36100.0,2,4,2,1,2716200.0
1,23,1,2,3,12,130.4,0,12700.0,1,3,3,4,1955900.0
0,36,2,3,2,6,103.2,0,83800.0,2,1,3,4,634100.0
0,31,1,2,2,10,87.7,2,23400.0,4,5,3,5,1185000.0
0,51,5,2,3,2,79.8,0,17500.0,5,4,2,4,590600.0
1,20,2,2,5,6,55.5,0,10600.0,5,5,4,1,1401400.0
1,31,4,2,1,10,158.1,1,40000.0,1,1,2,4,932500.0
0,46,4,2,0,4,53.8,0,5900.0,1,3,1,2,311400.0
1,38,4,3,1,6,60.3,0,92400.0,3,5,1,2,1286200.0
1,25,1,2,2,1,83.2,0,38200.0,3,5,3,1,475600.0
1,61,5,2,0,6,86.0,1,35500.0,3,2,3,4,542400.0
1,38,4,2,0,10,111.1,0,100.0,2,1,4,4,483600.0
1,36,2,1,0,2,66.4,1,35400.0,5,3,3,4,146400.0
1,20,1,1,2,4,20.4,0,10700.0,1,2,1,2,322900.0
0,38,3,3,1,3,81.9,1,34800.0,3,4,3,1,536200.0
1,31,4,2,1,8,84.3,0,86000.0,1,3,4,5,1095600.0
1,23,2,1,0,3,81.4,3,49400.0,3,2,1,2,183700.0
1,28,1,1,2,5,80.9,0,3400.0,2,4,3,1,458300.0
1,43,4,2,1,10,77.7,0,51400.0,2,3,4,1,1198900.0
1,22,3,2,1,1,43.6,0,37000.0,4,2,4,5,344100.0
0,20,1,2,2,2,141.2,0,12000.0,1,3,1,3,328100.0
1,36,3,2,1,6,139.2,0,21300.0,4,5,1,5,622200.0
0,45,3,1,1,3,138.8,1,12100.0,2,2,1,5,277700.0
0,23,1,1,1,6,48.5,2,1300.0,2,5,4,1,249400.0
1,35,2,1,1,1,104.1,0,6800.0,1,2,1,3,92100.0
1,25,1,2,2,8,75.2,0,13800.0,4,5,1,3,781800.0
0,23,1,1,1,5,73.3,2,5600.0,4,1,4,4,299100.0
0,25,1,2,0,2,57.5,0,32800.0,4,5,4,5,160100.0
1,47,2,2,2,10,179.8,0,35200.0,1,1,1,5,1405700.0
0,22,1,2,2,8,81.3,0,47800.0,1,3,1,3,1064500.0
1,23,2,3,0,6,57.7,0,54300.0,1,4,1,3,478500.0
1,30,2,1,0,7,94.8,0,5500.0,5,4,4,3,286100.0
1,53,4,2,2,4,116.7,1,2100.0,2,4,5,1,634300.0
0,28,3,1,2,2,85.1,0,5300.0,5,1,2,1,264700.0
0,37,2,1,1,2,98.5,1,6700.0,5,4,3,1,221200.0
1,23,1,1,2,2,125.1,0,4200.0,2,4,2,5,234000.0
1,36,2,1,0,5,56.6,0,42900.0,3,5,4,3,247900.0
0,32,3,2,1,6,96.2,0,87400.0,3,4,5,1,508200.0
1,38,4,2,0,1,67.6,2,52600.0,3,1,4,4,239400.0
0,33,4,1,1,1,62.9,0,9500.0,1,5,1,3,136800.0
1,21,2,1,0,1,151.3,0,3100.0,1,1,3,3,89200.0
0,24,1,2,1,10,86.9,0,6600.0,4,2,2,3,475200.0
1,31,1,2,1,10,52.8,0,21500.0,4,4,4,1,730300.0
0,25,1,1,1,1,86.1,0,2000.0,5,1,5,2,71600.0
0,40,2,2,0,10,47.7,0,21800.0,4,1,1,4,538200.0
0,65,6,2,1,6,82.4,0,13900.0,1,5,5,4,889500.0
0,63,6,2,2,10,66.3,2,122300.0,5,2,3,2,1352500.0
1,52,3,1,1,5,107.9,0,17500.0,4,2,5,4,430200.0
1,31,3,2,2,4,157.8,1,25400.0,4,4,5,1,800400.0
0,46,3,2,1,8,83.9,0,86900.0,3,3,1,3,948300.0
1,28,1,2,1,2,67.6,0,59300.0,1,3,5,2,295200.0
1,42,4,2,1,4,93.2,2,200.0,5,5,1,3,497600.0
1,35,2,3,4,12,142.2,1,28700.0,2,4,3,4,2491800.0
1,38,2,1,0,5,108.1,0,15900.0,4,5,4,5,222000.0
0,41,2,3,0,3,85.1,1,14700.0,1,4,1,4,260800.0
0,26,1,2,1,2,20.0,3,17400.0,5,2,4,4,342000.0
1,24,2,2,3,2,88.2,0,171200.0,1,3,2,2,688500.0
0,54,6,1,5,1,117.2,0,0.0,1,1,5,3,263200.0
1,26,1,1,1,1,123.5,0,1100.0,5,3,4,2,105100.0
0,38,2,2,1,4,135.9,1,14500.0,3,4,5,1,346700.0
1,53,5,2,1,4,66.4,1,11500.0,3,3,1,3,896300.0
0,38,4,1,1,5,75.9,1,27100.0,4,1,5,1,322000.0
1,38,2,2,1,4,85.8,0,41100.0,3,2,3,1,551100.0
1,23,1,1,3,5,114.8,2,11200.0,4,2,4,2,730600.0
1,32,3,4,2,16,80.8,0,3900.0,4,4,5,4,2299400.0
0,51,4,3,1,18,108.4,0,148900.0,5,3,4,5,6051900.0
1,38,1,1,1,6,76.5,0,26600.0,1,4,4,4,260900.0
1,31,2,2,1,12,65.3,2,10100.0,2,3,3,4,886700.0
1,25,1,3,1,3,128.8,0,69000.0,2,5,1,3,436300.0
1,24,1,1,1,2,100.9,0,20100.0,3,4,5,2,150300.0
1,64,5,2,0,10,116.1,2,2900.0,5,3,2,3,468500.0
1,33,3,1,0,5,82.8,2,29500.0,2,5,4,5,241700.0
0,35,2,2,1,4,118.1,0,71600.0,1,4,1,2,476000.0
1,24,1,1,2,5,52.8,2,8700.0,4,2,2,4,596200.0
1,43,3,1,1,4,58.4,1,16600.0,4,5,4,1,345200.0
0,58,5,1,1,3,123.0,0,15600.0,5,4,2,4,380900.0
0,35,2,1,1,2,87.5,0,4600.0,3,1,5,4,114500.0
0,22,1,2,0,4,81.4,0,40900.0,1,2,5,2,186000.0
1,35,2,1,4,2,57.8,0,64400.0,3,5,4,4,374600.0
1,40,4,1,3,2,118.2,1,11200.0,3,3,4,5,826700.0
1,34,2,3,0,9,155.3,0,34400.0,5,1,5,4,503800.0
1,55,4,2,2,12,111.3,1,7600.0,4,3,1,1,1900200.0
1,47,3,2,1,2,74.3,1,189000.0,3,1,2,2,568900.0
0,58,5,3,5,12,138.5,0,18900.0,3,4,4,5,4832200.0
0,32,2,3,1,3,102.6,2,19500.0,1,4,4,2,587600.0
1,21,2,1,1,2,74.8,1,1700.0,4,3,3,1,201000.0
0,23,2,2,1,8,134.6,0,88300.0,3,3,2,3,685500.0
0,27,3,4,2,8,83.7,1,248700.0,2,3,5,5,1634500.0
1,57,4,1,0,2,39.5,2,20700.0,2,5,4,1,166600.0
1,42,5,1,2,6,78.9,0,3400.0,4,2,4,3,845700.0
1,43,2,1,0,4,108.6,3,48400.0,4,3,5,1,155300.0
1,22,1,1,3,1,64.9,0,23500.0,5,4,2,3,403400.0
1,21,2,2,0,2,24.5,0,52700.0,3,4,1,3,243000.0
1,43,3,2,3,6,141.4,1,1000.0,2,3,5,2,1488000.0
1,35,2,3,1,9,194.8,1,13100.0,2,3,1,4,924800.0
1,24,1,2,1,6,73.4,1,200.0,4,4,4,4,433500.0
0,32,2,1,4,4,68.0,0,15700.0,4,5,1,1,1223100.0
0,21,1,1,5,1,42.9,1,24300.0,1,1,1,3,711900.0
1,28,2,4,2,12,61.3,1,30000.0,1,4,5,4,2505900.0
0,30,3,1,0,3,36.5,0,36900.0,4,1,4,1,220500.0
1,28,2,1,1,2,44.3,0,3700.0,1,3,2,1,154700.0
1,60,5,3,1,15,90.1,1,67400.0,4,2,3,5,1816400.0
0,26,3,2,1,4,34.7,0,165300.0,4,3,1,2,537700.0
0,25,1,1,1,4,38.6,0,10900.0,5,3,4,2,165600.0
0,26,1,3,0,9,97.2,0,19100.0,1,3,3,3,475500.0
0,42,2,4,2,4,68.4,1,7900.0,3,4,2,4,1224400.0
0,32,2,1,2,1,102.5,0,6400.0,3,4,3,3,151000.0
1,30,1,2,0,6,78.0,0,110600.0,5,2,2,4,350400.0
0,23,1,1,1,1,83.5,0,9800.0,3,1,3,4,113000.0
1,21,1,2,1,6,117.3,0,126600.0,3,1,2,4,446200.0
0,37,2,3,2,20,70.8,0,44800.0,5,1,1,4,2491100.0
1,42,3,4,0,8,114.8,0,9300.0,2,3,3,4,339500.0
0,56,5,1,1,4,75.3,0,35500.0,5,2,2,5,268800.0
1,26,2,1,1,2,61.3,0,20900.0,5,3,4,5,209600.0
1,38,2,1,1,2,52.4,2,300.0,1,2,5,4,320500.0
1,55,4,2,2,4,32.0,0,30600.0,3,5,3,1,964100.0
0,30,4,1,2,1,46.6,2,69000.0,3,4,3,1,317300.0
1,47,2,1,0,2,27.9,1,42100.0,2,3,3,2,166300.0
1,20,2,1,1,4,55.2,0,27100.0,5,5,3,4,369200.0
1,52,4,1,4,2,118.7,0,14900.0,4,1,5,1,318700.0
0,44,5,1,0,2,89.7,3,4900.0,2,5,3,2,112700.0
0,57,4,2,3,1,76.4,0,17500.0,2,4,1,1,430400.0
1,48,3,1,2,1,65.8,0,17800.0,3,4,1,2,139200.0
1,36,3,1,2,3,87.2,0,5000.0,3,4,4,3,436300.0
1,58,4,2,1,8,91.1,0,42500.0,3,5,5,1,790700.0
1,22,1,2,1,6,51.0,1,68800.0,3,1,4,4,457700.0
1,34,2,1,3,4,106.2,2,15400.0,2,3,1,4,549200.0
0,47,4,1,1,3,78.6,0,5200.0,5,1,3,5,295300.0
1,40,2,2,0,14,100.4,0,11400.0,3,2,3,3,348700.0
0,57,3,1,1,1,88.9,0,34400.0,1,2,2,3,135900.0
1,26,1,2,0,6,40.4,3,82800.0,2,3,5,1,332600.0
1,40,2,1,2,1,135.5,0,50700.0,4,4,2,2,197000.0
1,45,4,1,1,3,89.6,2,9600.0,4,3,5,5,358700.0
0,20,1,1,3,4,77.1,0,1600.0,5,5,5,3,606700.0
0,31,2,2,2,4,110.4,1,16300.0,2,4,3,3,705000.0
0,24,1,3,0,3,49.5,0,14000.0,2,3,3,4,212200.0
0,21,1,1,1,3,34.9,2,4500.0,2,3,4,4,340800.0
0,60,4,2,2,10,109.5,0,127500.0,1,5,1,2,1458400.0
1,45,2,1,1,6,130.1,1,20100.0,1,5,1,1,503900.0
0,47,2,2,4,8,100.0,0,35400.0,3,1,3,2,1815000.0
0,67,7,3,2,1,118.2,1,56100.0,4,2,1,1,904100.0
1,37,1,1,0,4,45.7,0,8600.0,1,3,5,5,156700.0
1,45,4,3,3,6,77.4,0,334300.0,4,1,1,3,1823600.0
1,32,1,2,0,4,67.0,0,68900.0,2,4,4,2,256800.0
0,50,3,3,0,6,126.0,0,58100.0,1,4,1,1,417500.0
1,21,1,2,2,6,107.3,0,274700.0,4,2,1,5,992800.0
0,54,4,1,3,3,126.1,0,41400.0,1,4,4,2,575600.0
0,24,3,1,1,4,68.4,0,15300.0,2,2,4,3,212900.0
1,20,3,1,1,1,50.4,0,27300.0,2,4,3,5,137700.0
0,40,4,1,1,1,136.5,0,14500.0,2,4,4,4,162800.0
1,38,2,2,1,4,90.9,0,6100.0,3,3,3,3,527400.0
0,31,2,2,1,6,127.3,0,22000.0,4,5,5,4,569200.0
0,36,2,3,1,9,87.7,0,67300.0,3,3,2,5,838300.0
1,43,5,1,1,5,167.1,1,13600.0,5,1,1,5,473500.0
0,26,1,2,3,6,131.2,0,5900.0,5,5,4,4,771700.0
1,27,1,3,1,1,84.4,1,46600.0,1,3,1,1,506400.0
1,24,1,2,0,10,90.7,0,21100.0,1,5,5,5,325100.0
1,30,1,1,2,1,90.8,2,5600.0,1,5,2,2,160900.0
1,23,3,2,2,4,50.2,0,47800.0,3,5,4,2,666100.0
0,32,2,1,3,5,73.1,1,26000.0,2,4,3,5,980400.0
0,34,2,1,0,4,70.5,0,10400.0,1,5,3,4,223600.0
0,25,1,1,0,1,98.1,0,6400.0,1,4,4,4,80700.0
1,31,3,2,1,8,61.5,0,12800.0,5,5,4,3,742100.0
1,56,3,1,1,10,84.7,0,21100.0,2,4,5,4,485000.0
0,22,2,2,1,6,77.2,0,115300.0,3,5,2,1,635100.0
1,30,1,4,1,12,92.7,0,145400.0,2,1,4,1,1143800.0
0,42,4,1,0,7,141.4,2,9800.0,5,3,3,2,428800.0
1,38,3,2,1,8,128.3,0,100200.0,3,5,2,5,992100.0
1,45,3,2,2,4,44.1,0,19800.0,4,1,4,2,2605300.0
1,35,2,1,1,5,88.2,1,2200.0,1,3,2,5,1527600.0
1,33,2,2,2,6,79.4,1,116000.0,3,2,5,2,1179500.0
0,27,1,1,1,2,67.4,0,14600.0,5,5,4,5,141500.0
0,44,4,2,1,10,165.4,1,1100.0,2,2,4,5,1253100.0
0,46,3,1,1,3,71.6,0,32400.0,3,3,2,2,195600.0
0,28,1,1,1,5,74.0,0,1100.0,5,3,4,3,276600.0
0,34,2,2,0,8,151.4,0,4800.0,3,5,2,1,373500.0
1,64,5,1,2,2,123.9,0,0.0,1,1,2,4,365200.0
1,33,3,1,2,3,74.5,0,17300.0,2,5,4,1,404100.0
1,35,2,1,1,2,116.6,0,9100.0,2,1,3,4,116800.0
0,51,6,1,0,4,81.6,0,1600.0,3,5,5,5,208700.0
1,42,5,2,5,6,84.0,0,43000.0,5,1,2,2,2475000.0
1,30,1,2,1,4,61.8,1,87300.0,1,4,3,2,409200.0
0,41,3,2,0,6,20.0,0,142000.0,1,1,2,4,354600.0
1,51,5,2,1,4,40.1,1,211500.0,3,1,3,2,732200.0
1,37,2,1,2,3,51.3,2,39200.0,4,3,4,2,576200.0
0,37,1,1,1,2,104.7,2,21300.0,3,2,5,2,141500.0
1,31,2,2,1,6,95.4,2,21000.0,1,5,3,1,691300.0
1,65,5,2,1,8,128.0,0,400.0,2,3,1,2,977300.0
0,44,4,1,0,2,47.9,0,11100.0,3,2,2,3,129600.0
1,22,1,1,1,1,152.5,0,12900.0,3,3,3,4,99800.0
1,54,3,2,2,1,149.3,0,3200.0,2,3,5,1,471100.0
1,34,4,2,1,2,91.2,0,154600.0,3,5,5,1,673900.0
1,24,2,2,0,4,66.0,0,94200.0,5,4,5,5,342600.0
0,32,2,1,0,1,67.8,3,300.0,2,3,3,5,118500.0
1,32,3,2,1,2,96.9,0,90000.0,2,5,3,2,412700.0
1,53,4,1,2,4,155.9,0,7500.0,2,1,4,1,396500.0
0,26,2,2,1,1,86.7,0,141400.0,1,2,1,1,321000.0
1,41,3,2,1,6,34.6,1,47100.0,3,5,3,2,776500.0
1,33,2,1,0,3,156.3,0,4100.0,4,4,4,4,108000.0
1,23,2,1,1,1,76.0,0,13300.0,3,5,2,1,110800.0
0,60,5,4,0,8,140.9,2,70000.0,3,5,1,5,732000.0
1,37,4,3,2,6,111.9,1,62400.0,1,1,5,2,1458700.0
0,20,1,2,1,1,84.8,1,47600.0,5,2,1,1,355100.0
0,37,4,1,2,3,123.8,2,1600.0,5,2,2,5,475900.0
0,56,6,1,2,3,64.3,0,13400.0,1,4,3,3,546700.0
0,28,1,3,2,9,79.8,1,24700.0,1,2,3,1,1013900.0
1,27,2,2,1,6,71.4,0,5500.0,1,1,4,2,593500.0
1,24,1,2,0,2,83.0,1,86900.0,3,4,3,5,226800.0
0,27,3,1,4,3,109.2,0,10700.0,1,1,3,1,355500.0
1,42,3,1,2,4,108.9,0,15600.0,4,1,1,5,261500.0
1,36,3,4,2,8,35.6,0,6000.0,2,5,2,2,1080500.0
1,23,1,2,0,4,71.3,0,57900.0,5,5,5,1,275300.0
0,24,1,1,1,7,77.3,0,10100.0,4,5,5,2,332000.0
1,38,2,1,2,1,110.5,0,25700.0,5,3,4,4,164700.0
1,56,4,2,0,20,41.0,0,14500.0,3,1,2,1,852400.0
1,33,3,1,1,1,114.7,0,5400.0,3,2,1,1,98200.0
0,65,5,2,1,1,50.6,0,22000.0,1,4,5,5,269700.0
0,36,3,1,0,3,98.7,0,12100.0,5,3,4,1,190300.0
1,28,1,2,1,6,129.0,1,41400.0,3,5,3,4,475100.0
1,53,4,1,1,3,47.1,0,17500.0,3,3,3,5,228000.0
1,32,1,4,0,12,98.5,0,4300.0,5,3,1,5,633500.0
1,47,4,1,1,4,83.5,1,5700.0,3,1,5,3,491100.0
0,60,7,2,1,2,55.8,0,27000.0,1,1,3,1,512500.0
1,28,1,1,1,3,47.1,0,24300.0,3,2,4,3,153700.0
1,20,1,2,3,10,65.2,0,164000.0,4,4,4,4,6234200.0
0,41,3,4,1,8,61.6,2,53500.0,4,4,5,1,1265800.0
1,27,2,2,1,6,82.8,0,84000.0,1,5,1,3,625000.0
1,28,1,2,2,4,75.1,0,16500.0,4,2,4,3,2273700.0
0,26,2,2,3,2,104.8,2,86000.0,3,4,2,5,708800.0
1,22,1,2,0,4,118.3,0,105800.0,4,3,4,3,307200.0
0,46,4,3,1,15,36.5,0,33800.0,4,3,1,3,1644700.0
1,25,2,4,1,12,81.2,0,50900.0,3,4,4,1,1098000.0
1,31,2,1,1,1,56.8,3,8600.0,5,3,3,1,159900.0
1,32,2,4,2,4,52.0,1,112500.0,1,3,1,5,1316400.0
1,34,1,1,4,5,35.1,0,19800.0,5,5,3,1,673800.0
0,23,1,1,3,2,32.5,0,54800.0,5,3,3,4,220100.0
1,41,4,1,1,3,71.8,0,700.0,4,4,5,5,162600.0
1,23,1,1,1,5,103.8,0,7200.0,2,1,1,4,343300.0
0,47,4,2,4,1,103.6,0,53300.0,5,3,3,1,2898800.0
1,54,4,2,1,10,53.2,0,250100.0,3,4,5,1,1299000.0
1,34,2,2,1,6,49.6,0,176500.0,3,3,5,5,804900.0
0,32,2,2,2,2,98.4,1,107200.0,3,2,3,3,620100.0
1,37,2,2,1,4,74.9,0,6700.0,2,5,3,2,422400.0
1,35,2,2,1,6,121.1,0,307400.0,2,1,2,2,744900.0
0,51,3,1,3,4,51.1,1,10100.0,1,3,1,1,872100.0
1,51,4,2,0,8,25.0,0,15100.0,2,4,5,4,498200.0
0,38,1,2,0,6,111.4,1,67300.0,1,1,1,5,310900.0
0,36,1,2,1,4,23.8,0,116500.0,3,3,5,3,456900.0
0,58,4,2,1,2,39.4,1,7100.0,2,2,4,1,555300.0
1,65,5,3,0,18,66.6,2,148900.0,4,4,4,4,1124000.0
1,34,4,1,1,5,80.0,0,18500.0,4,5,5,1,292000.0
0,30,2,1,1,1,111.1,0,21100.0,4,3,2,2,117400.0
1,25,2,2,2,2,54.5,0,138300.0,2,4,4,1,568200.0
1,55,4,2,1,6,136.1,0,176000.0,2,3,1,4,918200.0
0,22,2,3,2,15,36.9,0,2300.0,2,5,3,2,1322100.0
1,32,2,1,1,1,77.0,0,200.0,4,2,1,1,83700.0
1,22,3,1,2,3,119.1,1,15500.0,3,5,1,2,377100.0
1,22,1,3,1,15,120.9,1,25700.0,5,5,1,5,1029400.0
1,36,3,2,0,2,20.0,2,85400.0,3,5,5,4,268100.0
0,61,5,2,2,6,184.8,0,26600.0,2,1,5,4,1052600.0
1,21,1,1,1,2,78.7,0,9900.0,5,4,1,5,186300.0
1,32,3,1,0,5,99.7,2,7700.0,5,3,3,4,296600.0
1,26,1,2,1,8,78.3,0,22900.0,3,2,2,4,393100.0
0,22,1,1,2,1,164.7,1,26100.0,4,3,2,1,157000.0
1,36,2,2,1,12,135.1,0,48900.0,1,1,4,3,759400.0
1,38,2,2,0,4,163.8,0,52000.0,4,2,4,1,273800.0
0,23,3,1,0,2,106.6,0,6000.0,4,1,3,5,149500.0
0,26,1,2,1,8,121.9,0,10900.0,5,3,1,5,375900.0
1,28,2,2,1,2,53.4,0,3400.0,2,2,5,3,257200.0
1,27,1,1,1,3,80.7,0,500.0,2,3,4,1,191600.0
1,67,5,1,0,3,122.0,1,13500.0,5,4,1,1,277800.0
1,58,6,1,1,3,101.1,0,6600.0,4,1,2,1,316200.0
0,34,3,2,2,6,93.7,0,4800.0,3,4,3,2,1120600.0
1,34,3,2,2,8,62.9,0,58600.0,1,4,5,2,1096900.0
0,52,4,2,3,8,130.8,0,4700.0,4,3,5,1,1908600.0
1,24,1,2,0,6,130.3,0,4400.0,4,3,4,2,322900.0
1,47,3,2,4,6,126.5,0,58300.0,1,5,1,1,1379900.0
1,54,4,2,1,8,100.2,0,53700.0,3,5,5,5,598700.0
1,23,1,2,5,6,90.4,0,2500.0,1,2,2,1,2394600.0
0,27,2,1,1,2,129.3,0,29000.0,5,3,2,2,157200.0
1,66,6,3,1,9,122.8,1,34300.0,1,1,3,3,935700.0
1,35,2,2,1,6,58.8,0,47500.0,1,3,3,5,1845800.0
1,24,1,2,1,4,101.1,0,80300.0,4,3,2,4,488000.0
0,24,2,2,2,6,113.0,2,19900.0,4,4,2,3,964800.0
1,31,2,1,2,3,66.4,0,17100.0,2,4,1,3,243300.0
1,43,3,2,5,8,121.6,0,94400.0,1,5,5,4,1636600.0
0,47,2,1,1,7,115.1,0,2100.0,5,2,1,5,456200.0
0,67,5,2,1,6,75.4,0,133200.0,2,2,3,4,923900.0
1,20,3,2,0,8,42.5,0,39000.0,1,3,3,5,526700.0
1,31,1,2,5,6,110.5,0,44100.0,4,1,3,5,1486700.0
0,34,2,2,1,8,158.8,0,45200.0,5,4,5,5,387900.0
0,38,2,2,2,8,98.9,2,121800.0,3,1,4,3,868700.0
0,26,3,1,1,2,112.4,0,1400.0,2,4,3,5,147500.0
0,64,6,4,1,12,49.2,0,22400.0,4,3,3,4,1016300.0
1,50,4,2,3,6,88.3,0,10700.0,3,2,1,3,1590000.0
1,35,1,2,0,2,86.1,0,28600.0,1,3,1,5,157100.0
1,37,2,1,1,1,59.0,0,12200.0,5,4,4,2,97000.0
1,26,1,2,0,4,105.4,2,180700.0,4,2,4,2,323400.0
0,31,3,1,2,2,104.0,0,600.0,4,1,4,5,209500.0
1,44,2,2,0,8,79.7,3,12000.0,5,1,4,2,469300.0
1,33,1,1,0,2,89.6,0,29700.0,4,5,1,1,127400.0
1,68,6,2,1,4,161.9,0,5400.0,4,1,3,3,729100.0
1,30,2,2,1,6,68.3,0,18100.0,1,5,1,1,512900.0
0,35,3,1,1,2,50.4,0,10000.0,2,2,2,3,154800.0
1,42,2,2,0,2,49.6,0,54200.0,3,3,2,4,201100.0
0,28,1,2,4,6,98.7,1,23800.0,5,3,3,2,1145600.0
1,34,4,1,4,2,20.0,0,2000.0,3,2,4,2,252400.0
0,35,2,2,1,4,72.1,0,13300.0,5,2,3,2,357300.0
0,38,3,1,2,2,56.1,1,23600.0,5,4,2,5,408300.0
1,48,3,1,1,5,88.0,0,4800.0,4,1,3,3,277900.0
0,37,2,1,1,2,88.1,0,44400.0,1,1,4,5,213000.0
1,48,4,2,1,4,102.1,0,32200.0,5,1,1,2,2538900.0
0,33,2,1,1,3,111.5,0,17300.0,3,5,4,4,313700.0
1,35,3,2,1,6,130.0,1,53800.0,2,1,1,2,745300.0
1,44,3,2,1,8,77.6,0,7900.0,3,4,2,5,495800.0
1,24,1,1,2,3,66.7,2,12600.0,1,3,5,2,511700.0
0,23,1,2,1,8,119.8,2,93700.0,2,3,3,1,800600.0
0,31,2,1,2,3,31.9,0,600.0,4,5,5,1,368300.0
0,25,1,2,0,2,116.5,0,69300.0,3,4,4,5,217100.0
0,28,1,1,1,3,95.0,1,800.0,3,2,1,1,273400.0
1,40,3,1,1,3,105.7,2,12700.0,5,3,4,3,286300.0
1,36,2,2,1,2,102.8,0,266500.0,5,4,4,3,579400.0
1,35,3,3,2,9,94.8,2,28100.0,2,2,2,5,1861900.0
1,62,5,1,2,2,96.2,2,19100.0,4,5,4,1,515000.0
1,30,4,2,1,1,51.1,0,35100.0,5,1,3,3,358200.0
1,53,4,1,2,1,67.2,1,21100.0,3,4,2,1,330400.0
0,28,1,2,3,4,152.2,0,600.0,2,3,5,2,731600.0
1,31,3,2,1,8,113.6,0,63600.0,5,5,4,1,725600.0
1,52,4,1,0,2,127.1,0,4900.0,5,4,5,1,111500.0
1,31,2,1,2,4,77.9,0,23900.0,1,5,3,5,473300.0
0,41,2,1,0,1,92.8,1,28500.0,2,2,3,2,82400.0
1,37,2,1,3,3,108.4,0,3700.0,2,4,3,3,350900.0
1,22,1,1,1,3,132.2,0,1500.0,4,1,5,3,220000.0
1,36,4,2,1,1,84.7,2,4100.0,5,2,5,1,339900.0
1,37,2,4,0,4,106.7,0,49800.0,2,1,1,4,435600.0
0,52,5,1,1,4,114.9,0,2600.0,4,5,2,4,323200.0
1,21,2,2,3,6,122.7,0,18500.0,5,1,4,3,820800.0
0,67,5,2,0,2,82.9,0,42300.0,3,2,2,1,245300.0
1,52,4,3,1,3,134.9,1,136900.0,1,2,3,1,976400.0
0,26,2,2,3,8,40.2,0,57800.0,4,2,4,2,1491400.0
1,30,3,2,1,6,50.5,0,93200.0,1,5,1,5,625900.0
1,55,4,2,1,12,106.8,0,55100.0,3,3,2,4,959800.0
0,68,5,1,1,5,105.9,0,2900.0,2,5,3,1,341400.0
1,32,2,1,1,3,81.8,0,25400.0,5,2,4,3,243300.0
0,26,1,1,0,3,74.5,0,20800.0,2,5,4,4,111400.0
1,35,2,1,0,2,75.0,0,12300.0,1,4,3,5,69100.0
1,47,4,2,1,4,58.5,0,48100.0,2,4,5,1,624100.0
1,22,1,1,3,1,88.4,0,66600.0,2,3,2,4,158300.0
0,42,4,2,0,1,35.5,0,22800.0,4,5,4,1,211200.0
1,23,1,1,1,6,129.6,0,9000.0,4,5,5,5,280300.0
1,22,1,3,1,3,103.4,1,4600.0,3,4,1,2,583600.0
0,38,1,3,2,12,135.3,0,76000.0,4,2,4,4,5920500.0
1,33,3,1,1,4,95.6,0,9100.0,4,1,4,5,216700.0
0,25,2,1,3,1,88.7,2,8100.0,4,2,1,2,295500.0
1,37,3,2,0,10,94.4,2,151500.0,4,3,1,2,494100.0
0,27,1,1,3,2,65.5,0,39200.0,3,1,4,5,330000.0
1,24,1,1,1,4,46.5,0,27800.0,4,2,3,3,196500.0
1,24,1,1,2,1,55.5,0,5600.0,4,5,1,5,157400.0
0,65,5,3,1,9,75.1,2,17800.0,1,5,5,1,4265500.0
0,36,3,2,2,16,59.1,0,48300.0,4,4,1,3,1596800.0
0,36,1,2,0,8,137.2,2,42800.0,3,5,4,2,341500.0
1,33,3,2,0,1,65.3,0,16300.0,3,5,4,4,179200.0
0,65,5,3,1,12,103.8,0,7400.0,2,3,2,2,1389500.0
1,26,2,3,3,18,110.5,1,14200.0,4,1,5,4,2715500.0
0,44,5,3,2,6,133.3,1,6100.0,5,2,2,4,1305500.0
0,44,2,1,1,4,113.9,1,16600.0,2,2,1,5,418700.0
1,31,4,1,1,1,83.9,2,5900.0,3,3,2,5,283800.0
0,26,1,2,0,2,149.7,1,30900.0,2,1,4,2,193400.0
1,45,3,2,2,4,46.5,0,119700.0,5,5,3,5,574900.0
1,20,2,1,2,2,57.1,0,16000.0,1,3,1,2,264700.0
1,33,4,1,2,4,97.7,0,4100.0,5,5,4,5,597400.0
1,42,3,3,1,9,93.0,0,10200.0,2,2,1,5,764800.0
1,22,1,2,4,2,118.6,0,19300.0,4,3,2,4,666000.0
0,56,5,1,3,5,95.6,0,17700.0,1,3,2,3,793500.0
0,23,2,3,1,18,102.9,0,127800.0,5,3,1,5,1355200.0
0,57,3,2,1,6,124.9,0,2600.0,4,2,1,5,330100.0
1,38,3,2,1,6,94.9,2,42400.0,5,2,2,2,667800.0
0,22,1,1,1,3,113.8,0,6300.0,3,4,1,4,256200.0
1,24,1,1,1,5,63.6,0,15100.0,4,2,2,4,202600.0
1,53,4,1,1,2,65.9,0,20200.0,3,2,1,3,240400.0
1,25,1,1,1,3,120.8,0,2600.0,1,5,3,3,235200.0
1,23,3,2,1,8,94.2,0,8900.0,1,2,1,3,752900.0
0,37,2,1,1,3,95.9,0,3000.0,1,1,1,5,196100.0
1,32,4,4,1,12,65.7,0,38100.0,1,5,4,2,1137300.0
1,34,2,1,2,3,75.7,1,11400.0,3,4,3,1,572000.0
0,20,2,1,1,1,100.0,1,5100.0,3,1,2,2,248600.0
0,25,2,2,0,1,79.5,0,33500.0,2,4,2,4,162800.0
1,24,2,2,1,6,59.8,1,34000.0,2,3,5,3,668800.0
1,27,1,1,3,6,60.2,0,2400.0,3,3,3,1,878200.0
1,38,2,2,2,12,67.7,1,89300.0,1,3,3,4,1718500.0
1,47,4,2,1,4,78.1,0,17500.0,2,2,1,3,539500.0
1,27,2,2,3,10,80.3,0,73000.0,4,2,4,1,1532000.0
1,32,1,2,0,4,144.9,1,38700.0,3,5,2,2,238700.0
1,33,3,1,4,3,122.3,0,2000.0,4,1,2,4,299100.0
0,63,5,2,1,1,100.4,0,3300.0,1,1,4,5,272700.0
1,54,4,3,0,6,155.2,0,132400.0,3,3,4,1,677800.0
1,48,4,1,1,4,86.0,1,16400.0,2,3,3,1,348300.0
1,28,1,1,1,3,106.6,0,11700.0,2,2,4,2,134100.0
1,20,2,3,1,18,101.5,0,96000.0,4,4,4,2,1827900.0
1,27,1,1,2,4,106.5,1,500.0,3,1,1,4,515100.0
1,20,1,1,2,4,63.8,2,47400.0,1,1,3,5,281400.0
1,31,2,4,1,20,79.3,0,228700.0,5,4,5,3,1237200.0
1,46,2,1,1,5,61.6,0,1900.0,5,1,5,1,303400.0
1,57,5,1,0,1,104.3,0,42500.0,1,1,2,1,125700.0
0,50,4,2,0,8,90.1,0,10200.0,2,2,4,4,485300.0
1,32,2,2,1,4,24.1,1,29600.0,5,1,1,3,620500.0
0,46,2,2,0,6,108.0,1,8900.0,1,3,4,3,196100.0
0,28,1,2,2,10,97.6,0,100.0,4,3,2,3,924900.0
1,27,2,2,1,4,149.6,0,18100.0,2,5,4,4,407900.0
1,47,3,2,0,6,122.4,0,5500.0,1,2,5,1,413300.0
1,28,1,1,1,2,128.9,0,57300.0,4,2,3,2,203200.0
1,32,4,1,0,6,50.5,0,3200.0,3,3,4,1,1296300.0
1,27,2,2,1,2,129.1,0,200.0,5,2,5,2,292300.0
1,40,4,2,2,4,83.2,0,15200.0,5,2,5,2,3129300.0
1,47,2,3,1,9,65.8,0,66500.0,5,5,2,4,930700.0
0,26,1,3,0,12,20.0,0,30500.0,1,4,3,3,570300.0
0,47,4,2,2,2,136.0,0,107000.0,3,1,2,4,689100.0
0,20,2,2,0,4,80.0,0,42200.0,1,5,1,2,336100.0
1,35,2,1,2,2,85.7,0,5000.0,1,4,3,1,166800.0
0,46,4,2,1,4,101.2,0,54500.0,3,1,1,2,554100.0
0,44,3,2,1,6,155.2,1,61000.0,4,3,3,4,459400.0
0,64,4,2,3,6,82.1,1,15700.0,2,4,5,1,1754900.0
1,26,2,1,2,1,89.5,1,400.0,5,1,1,3,399600.0
0,42,4,3,0,15,123.9,0,3100.0,3,5,3,4,710700.0
1,35,2,1,1,4,80.2,0,32200.0,4,1,3,5,238800.0
0,56,5,1,3,4,60.9,0,200.0,3,2,1,2,730100.0
1,20,1,2,0,1,20.0,2,85800.0,2,1,3,3,254600.0
0,41,3,2,1,6,136.8,2,13900.0,3,3,2,3,2488800.0
0,33,3,1,2,4,98.4,1,12500.0,3,5,2,1,576800.0
1,27,2,2,1,4,109.1,0,12000.0,4,4,1,4,432800.0
0,35,2,1,2,1,73.0,1,31600.0,5,1,5,2,441900.0
0,30,1,1,2,2,113.8,2,9700.0,5,5,4,5,273200.0
0,34,2,1,2,4,69.6,0,2900.0,4,3,1,2,237200.0
0,56,5,2,2,6,95.7,0,173200.0,4,4,1,4,1140500.0
0,35,2,3,1,6,93.8,0,213900.0,1,1,1,3,667000.0
0,48,4,2,1,4,129.5,0,88700.0,1,3,1,5,561300.0
1,37,4,3,1,9,112.6,0,20300.0,2,2,2,1,937600.0
1,23,2,1,2,2,68.1,2,6700.0,1,5,1,4,499200.0
1,24,1,1,3,3,111.0,2,16100.0,1,5,5,2,566600.0
0,36,3,2,1,2,77.2,2,305800.0,3,1,4,4,615400.0
1,27,1,1,1,5,61.6,0,6400.0,3,3,4,1,341100.0
0,24,1,2,3,2,109.3,0,13300.0,4,4,5,2,517400.0
0,38,1,2,1,6,96.8,1,173300.0,5,4,1,5,554900.0
1,23,1,4,0,12,48.1,0,29300.0,2,4,4,2,469300.0
0,23,3,1,2,2,72.0,0,8400.0,1,4,2,2,175200.0
0,37,2,2,5,4,116.1,1,93100.0,3,1,4,1,2061700.0
1,20,1,2,2,6,103.6,0,111200.0,5,1,5,2,719400.0
1,57,6,1,2,4,105.1,0,13400.0,1,5,4,4,616100.0
1,54,3,2,1,6,154.6,0,108600.0,5,3,5,3,714400.0
1,40,4,1,3,1,124.9,2,9400.0,3,2,1,1,320900.0
1,23,1,1,1,2,85.9,0,10500.0,4,1,4,1,598500.0
0,41,2,1,3,1,75.9,0,8500.0,1,4,5,1,199800.0
0,43,5,1,1,1,66.2,2,4600.0,1,2,2,4,251700.0
0,47,2,2,0,6,73.9,0,25900.0,2,5,2,4,359000.0
1,24,1,1,1,2,34.0,0,8900.0,1,4,3,4,145600.0
0,40,3,1,1,2,47.4,0,3500.0,3,3,4,4,228400.0
1,46,2,1,2,3,113.0,0,35100.0,5,2,1,2,307900.0
1,30,1,1,4,2,143.7,0,32500.0,5,5,3,1,401700.0
1,48,2,1,2,3,91.9,2,21400.0,4,1,4,1,462900.0
0,32,1,1,3,3,65.4,0,7700.0,4,3,2,5,205000.0
1,32,3,2,1,4,20.0,1,8600.0,3,4,1,3,588000.0
1,25,1,2,2,8,149.6,0,13200.0,5,2,2,2,517100.0
1,45,3,2,2,4,43.2,0,51600.0,4,5,4,3,727700.0
0,25,1,2,2,6,38.5,0,20200.0,4,2,1,2,600500.0
1,30,4,1,1,2,79.6,0,2000.0,2,3,1,2,215500.0
0,24,3,2,1,4,88.5,0,161000.0,2,1,3,2,616400.0
0,35,3,2,2,4,90.4,0,112700.0,3,1,1,1,933900.0
0,27,2,1,1,3,60.1,0,1300.0,3,3,4,3,269900.0
1,40,3,2,2,6,104.5,1,51700.0,3,4,5,3,992300.0
1,44,3,1,4,3,71.7,0,10700.0,3,2,5,4,321300.0
0,22,1,1,1,2,72.6,0,17400.0,5,4,1,3,91200.0
0,21,1,2,2,6,80.2,1,183800.0,1,5,5,4,758500.0
1,27,1,1,2,1,66.3,0,30900.0,3,4,4,5,123500.0
0,56,4,1,2,4,46.1,2,600.0,2,3,3,4,867200.0
0,36,4,1,1,4,48.4,0,29200.0,1,1,2,2,336600.0
0,34,3,1,3,2,51.3,2,400.0,1,3,2,1,472300.0
1,28,1,1,1,1,106.0,0,2500.0,5,3,4,2,92400.0
0,44,4,2,0,6,104.0,2,33300.0,4,2,3,5,455200.0
0,51,4,2,2,6,80.6,0,43100.0,1,3,4,1,1379000.0
0,42,2,2,2,4,82.3,1,106200.0,5,5,1,5,1125500.0
1,33,2,1,2,4,130.9,2,1800.0,5,2,3,2,464000.0
1,24,1,4,0,16,108.0,0,78500.0,5,2,5,1,590700.0
1,22,1,2,0,4,144.8,2,85600.0,3,4,1,5,316200.0
0,26,2,1,3,4,69.8,0,2600.0,4,3,5,4,371000.0
1,24,1,2,0,6,49.2,0,37800.0,3,4,1,3,203500.0
0,24,1,2,2,2,124.9,0,129900.0,2,4,1,2,569600.0
1,25,1,2,2,8,89.3,0,92500.0,4,2,1,4,886300.0
1,36,2,1,2,1,61.9,0,2000.0,3,4,1,5,139300.0
1,57,5,2,0,10,107.1,3,4000.0,4,4,3,5,557000.0
1,38,2,2,2,2,65.3,1,2400.0,2,2,3,1,572900.0
1,43,5,2,3,8,114.1,1,8400.0,3,2,1,4,1698800.0
0,44,5,2,1,4,107.0,0,52200.0,4,1,4,5,676200.0
1,24,1,2,1,2,82.1,0,46100.0,2,3,1,1,324500.0
0,47,3,2,1,10,31.0,0,171600.0,5,1,1,3,799600.0
1,28,2,1,0,3,57.7,0,44400.0,4,2,4,3,140700.0
0,46,5,2,3,4,143.1,0,20900.0,2,5,4,1,1265600.0
0,34,2,1,3,2,151.1,1,21000.0,5,4,1,4,394800.0
1,62,6,2,5,14,180.8,1,113600.0,2,4,2,1,5482200.0
0,20,2,2,1,8,104.0,0,36900.0,1,2,2,1,792400.0
1,28,1,1,2,2,51.8,0,12700.0,2,4,4,4,239100.0
1,54,4,2,1,1,136.9,0,50000.0,3,1,1,3,372900.0
0,28,2,1,2,2,80.8,0,26700.0,3,4,5,5,274100.0
0,43,4,1,1,1,66.1,0,20500.0,3,5,5,3,158600.0
1,44,2,1,3,2,101.7,0,4900.0,3,3,1,4,328400.0
0,43,3,1,2,3,156.4,0,300.0,1,1,1,2,283100.0
1,61,4,1,3,3,86.3,2,4100.0,1,3,1,4,838200.0
1,60,5,1,3,3,90.6,0,12600.0,1,3,5,3,642900.0
1,27,3,2,3,8,36.4,1,208300.0,5,5,5,3,1185900.0
1,43,2,2,0,2,93.8,0,117200.0,4,5,4,4,331400.0
1,44,3,2,2,8,113.3,0,41200.0,3,5,3,4,1087400.0
1,45,3,1,1,4,86.9,1,2800.0,4,5,4,4,537000.0
0,27,1,3,1,6,89.5,0,67300.0,3,1,4,3,719700.0
0,47,3,2,0,8,97.9,0,7300.0,3,5,2,1,288100.0
1,66,5,1,2,6,53.3,0,9800.0,3,1,4,2,576100.0
1,53,4,2,1,12,20.0,1,43900.0,1,4,4,1,1034400.0
1,35,2,1,1,2,86.4,0,1700.0,5,3,4,3,162800.0
1,23,1,2,2,4,82.1,0,205300.0,3,4,4,1,521300.0
1,36,2,2,3,1,110.0,0,52300.0,3,4,3,4,354100.0
1,40,5,1,2,3,173.9,0,7300.0,3,2,2,5,420200.0
1,44,3,3,1,3,135.4,1,51100.0,2,4,5,4,950600.0
0,33,1,1,1,5,20.0,1,16600.0,3,4,1,2,375000.0
1,26,2,1,1,5,178.2,0,16400.0,1,2,5,4,318500.0
0,38,2,3,1,9,113.2,0,3000.0,1,4,2,5,902000.0
1,34,3,3,0,6,80.7,2,37700.0,4,2,4,3,475700.0
1,53,4,2,4,6,141.7,0,153700.0,1,1,5,1,1898500.0
1,48,3,2,1,8,20.0,1,284700.0,4,3,4,4,1299900.0
0,24,2,1,0,2,70.9,0,12200.0,5,5,3,1,116400.0
0,38,4,2,1,6,96.9,0,122700.0,2,4,3,2,768600.0
1,27,1,1,1,2,92.4,2,15900.0,1,1,2,1,254400.0
0,63,5,1,1,2,143.0,0,4400.0,3,3,5,2,183200.0
1,36,2,2,0,2,131.3,1,19500.0,5,1,3,2,173800.0
0,34,4,1,4,1,113.9,1,6900.0,3,2,2,4,417000.0
0,33,4,1,1,5,80.3,0,4200.0,4,1,2,5,382600.0
0,44,2,1,0,2,123.6,1,17200.0,4,4,2,1,109900.0
1,44,2,1,0,5,69.1,0,13900.0,2,4,5,2,253000.0
1,48,3,1,1,2,117.0,1,3700.0,5,5,5,2,263700.0
0,28,1,1,0,1,64.5,3,32300.0,4,5,2,2,112500.0
0,25,1,1,0,5,100.3,2,9300.0,3,4,1,3,146500.0
0,23,1,2,1,8,39.0,1,84400.0,1,1,5,1,420700.0
0,41,3,2,1,6,126.2,0,108000.0,1,4,5,1,3495200.0
1,22,3,1,0,1,74.4,1,11600.0,5,1,1,2,109400.0
1,31,4,2,1,12,42.1,1,232200.0,5,4,5,1,924300.0
0,54,4,1,1,2,56.3,0,28600.0,4,3,5,1,194900.0
0,55,4,1,0,3,79.3,0,10200.0,1,1,3,3,207500.0
1,34,3,1,1,1,58.1,0,37000.0,2,2,1,2,110500.0
1,31,1,2,0,6,115.2,0,23300.0,2,2,3,1,311200.0
1,24,2,2,0,8,80.3,2,328400.0,2,5,1,5,745000.0
0,48,3,2,1,8,122.7,0,28400.0,2,3,1,2,958000.0
1,43,3,1,1,4,80.1,0,5200.0,4,2,1,1,369900.0
0,21,1,1,0,1,115.1,0,2200.0,3,4,5,3,52800.0
1,32,1,2,1,8,90.3,2,64500.0,2,2,2,5,543400.0
1,42,4,1,3,5,80.9,2,48800.0,4,4,4,4,1153100.0
0,58,4,2,2,6,53.6,0,184200.0,2,3,2,4,941400.0
0,23,1,2,2,4,92.4,1,20900.0,2,5,5,5,653800.0
0,30,1,2,3,6,115.7,0,21000.0,3,2,5,4,726100.0
0,20,2,3,4,15,65.9,0,2800.0,2,5,4,5,2126800.0
0,26,1,3,2,1,89.6,1,16900.0,4,3,5,1,565200.0
0,56,4,2,1,8,70.7,0,32600.0,4,1,1,4,719000.0
1,41,3,2,1,2,157.8,0,27700.0,1,3,3,4,355500.0
1,48,3,1,0,6,100.9,0,25900.0,5,3,3,5,213300.0
0,28,1,3,2,9,93.1,0,2500.0,2,3,1,1,999300.0
1,54,5,1,5,4,73.0,0,81300.0,2,1,2,1,1403500.0
0,32,1,1,1,1,120.9,0,2800.0,4,1,3,2,96200.0
1,32,1,1,2,4,90.0,0,7600.0,2,3,1,2,365700.0
0,32,3,1,1,6,87.7,0,24900.0,4,1,2,1,338400.0
1,25,1,2,1,4,87.4,0,21800.0,1,4,3,5,308300.0
1,43,3,2,1,12,51.3,0,48500.0,2,3,1,3,1163600.0
1,37,2,1,1,4,142.4,2,8400.0,1,2,3,3,502500.0
1,24,1,1,1,4,122.2,0,7300.0,1,4,3,2,147000.0
0,20,2,3,2,9,90.3,3,273100.0,5,3,3,4,1939100.0
1,28,1,2,3,6,86.4,0,2500.0,4,2,4,3,577700.0
0,20,1,2,3,4,59.1,1,11100.0,1,2,2,4,874800.0
0,35,3,1,1,3,38.3,0,32800.0,4,5,3,4,300100.0
0,50,4,2,3,6,59.2,1,35600.0,5,5,1,1,1236800.0
1,22,1,2,1,6,130.0,0,2500.0,4,2,4,3,500400.0
0,24,1,1,1,2,76.5,0,4900.0,5,3,5,3,155800.0
1,36,2,1,2,2,127.9,0,1500.0,2,3,5,4,151900.0
1,47,5,1,1,5,88.9,0,31200.0,5,3,2,4,494900.0
1,28,2,1,0,1,59.6,1,5200.0,5,3,1,1,112000.0
1,35,2,4,1,8,64.3,2,85900.0,5,2,4,5,1233000.0
1,38,1,1,2,6,98.6,0,5900.0,3,1,1,3,494500.0
0,27,1,1,1,4,33.3,2,3400.0,1,1,4,3,456800.0
0,28,1,1,1,1,63.2,0,8600.0,4,3,4,1,85300.0
0,43,2,1,2,3,74.1,1,8400.0,4,5,5,1,517000.0
0,38,2,2,2,6,118.7,2,97100.0,3,2,2,5,823200.0
0,36,3,1,3,2,99.9,0,37200.0,2,1,2,4,320100.0
0,44,4,2,1,2,96.6,0,44600.0,1,2,1,3,367700.0
1,44,3,1,0,4,106.2,0,500.0,1,5,4,4,166500.0
1,20,1,2,1,10,126.2,0,16600.0,1,2,4,3,675100.0
0,31,2,2,1,4,91.8,1,6600.0,1,5,3,1,382400.0
1,22,2,3,2,3,53.8,1,11600.0,3,5,2,1,872900.0
0,27,2,2,0,8,96.6,2,115700.0,4,4,4,1,561400.0
1,45,5,2,1,6,60.6,0,73400.0,2,5,1,5,1662200.0
1,54,4,1,2,5,20.0,0,3200.0,2,4,5,3,704700.0
1,60,6,2,2,4,96.6,0,75600.0,2,5,5,1,864200.0
0,38,1,2,2,2,108.1,2,74000.0,3,5,2,5,565900.0
1,22,1,2,2,4,102.1,0,365100.0,3,2,2,4,904300.0
1,22,1,1,2,1,107.7,3,2700.0,5,4,3,5,249100.0
1,41,3,1,2,7,129.0,0,13800.0,3,1,2,5,745900.0
1,33,2,2,1,4,56.1,0,35500.0,1,1,4,2,493300.0
1,31,2,1,5,6,76.4,0,19500.0,4,2,4,4,1187500.0
0,48,2,1,1,3,45.0,2,16400.0,2,1,4,2,277800.0
0,46,2,1,1,1,105.7,0,23400.0,3,1,4,3,149200.0
0,47,2,2,1,8,133.0,1,113800.0,4,5,3,5,605600.0
1,22,1,4,2,20,70.9,0,102700.0,1,3,2,5,7945800.0
1,45,2,2,3,1,115.3,0,21900.0,3,3,2,5,572700.0
0,55,4,1,0,5,63.1,0,2300.0,3,1,2,5,238500.0
1,20,1,1,0,3,112.6,1,36700.0,4,2,3,2,117400.0
1,45,5,1,3,5,20.0,0,3800.0,1,2,3,3,498100.0
1,22,1,2,3,6,143.3,1,1600.0,3,4,4,2,1024200.0
1,52,3,2,1,4,51.8,0,3300.0,4,2,3,5,507300.0
1,22,1,1,1,3,95.9,0,15500.0,1,2,3,3,701100.0
0,37,3,2,2,4,139.2,0,19600.0,3,5,1,4,580100.0
1,24,2,2,1,10,49.1,0,9300.0,3,5,4,2,758800.0
0,43,3,1,3,3,151.6,1,8200.0,2,1,4,1,683800.0
1,28,1,1,0,4,163.6,1,37300.0,5,2,1,4,211300.0
0,28,2,4,0,8,114.1,0,67200.0,1,3,2,4,667700.0
1,30,3,1,1,1,90.6,2,800.0,4,2,1,5,291500.0
1,51,5,2,1,10,83.5,0,10700.0,2,2,1,5,858900.0
0,27,2,1,0,4,110.1,2,6000.0,3,1,1,4,211700.0
1,24,2,2,0,10,116.1,0,51200.0,4,3,3,2,354200.0
1,46,3,2,2,10,20.0,0,42600.0,2,1,1,3,1052200.0
1,30,2,2,0,6,80.0,0,44200.0,2,2,5,2,230900.0
1,54,4,2,3,10,69.5,0,48500.0,5,3,1,2,1387200.0
1,22,2,3,1,6,64.5,3,179600.0,2,2,2,4,758200.0
0,41,2,2,2,2,65.2,0,3300.0,1,1,2,2,323400.0
0,21,3,1,1,3,44.7,0,21900.0,5,1,2,3,301100.0
0,28,1,1,1,6,144.2,0,24700.0,5,5,1,4,303400.0
1,43,3,2,1,8,69.4,0,28100.0,3,3,4,2,465900.0
0,33,3,2,1,2,84.9,0,5600.0,3,5,2,5,411600.0
1,46,3,1,2,6,79.1,0,51300.0,1,3,1,2,480800.0
1,21,1,1,2,3,70.8,0,9600.0,4,4,2,4,878600.0
1,32,1,2,2,4,104.6,0,6200.0,1,3,3,4,467900.0
1,32,2,1,1,1,79.1,0,10900.0,5,2,3,5,112600.0
1,65,5,2,3,8,111.2,0,28000.0,3,3,1,4,1819900.0
0,22,1,2,1,2,145.0,1,6600.0,1,5,2,1,452600.0
1,24,1,2,5,8,51.5,1,86200.0,3,1,2,4,2215700.0
1,33,4,1,2,2,101.3,1,17800.0,1,1,5,2,297100.0
1,32,4,1,0,6,100.3,2,3600.0,1,3,2,3,314000.0
1,27,1,1,1,2,48.9,2,13300.0,2,4,4,2,175800.0
0,52,5,1,1,2,112.6,0,5700.0,1,1,3,4,258000.0
0,25,1,2,2,12,80.8,0,18300.0,3,1,2,1,1258000.0
1,56,3,2,1,10,145.3,2,63900.0,1,1,4,2,1275400.0
1,26,1,1,2,1,125.0,0,26300.0,4,4,1,3,99600.0
1,41,5,1,1,4,90.0,0,3300.0,2,5,3,2,307900.0
1,52,6,1,0,1,82.4,0,500.0,1,3,1,5,70400.0
0,23,1,4,0,16,150.6,3,141400.0,4,4,2,1,727200.0
1,66,5,2,1,6,69.7,1,26800.0,3,3,1,4,941900.0
1,31,2,2,2,6,99.3,0,27500.0,4,2,3,2,667100.0
1,52,4,2,1,6,87.7,2,114900.0,2,3,1,2,744900.0
1,46,3,2,1,2,131.8,3,78400.0,3,1,1,2,513100.0
1,26,1,2,0,6,134.5,0,73100.0,1,4,1,2,364900.0
0,22,2,1,0,2,109.0,2,12500.0,1,4,4,3,147900.0
1,20,1,2,2,6,71.5,2,107500.0,4,5,4,5,1153400.0
1,22,3,1,1,3,84.5,0,11500.0,1,2,2,5,688600.0
1,24,2,2,2,2,46.9,1,35500.0,3,5,1,1,709100.0
1,26,1,1,2,3,98.7,0,2500.0,3,5,4,1,205400.0
0,33,3,2,3,8,61.8,1,30100.0,1,2,3,3,1528900.0
0,40,4,1,0,3,168.4,2,2700.0,4,1,3,5,218600.0
0,25,1,3,1,12,70.8,0,37600.0,1,4,1,1,926900.0
1,21,1,1,2,4,125.9,0,40400.0,5,3,2,4,285100.0
0,42,5,2,2,4,143.5,2,2500.0,1,2,4,5,814800.0
0,23,1,2,2,4,119.0,3,37100.0,2,5,4,2,650500.0
1,25,1,1,1,1,72.3,0,4900.0,1,3,4,5,112600.0
0,25,1,2,0,4,69.8,2,40700.0,5,2,2,4,210100.0
1,56,5,3,1,12,193.0,0,112800.0,2,2,5,2,1524800.0
1,44,4,1,2,3,159.1,0,31900.0,4,1,4,5,327300.0
1,36,4,3,1,6,100.6,1,129300.0,2,1,1,2,1291800.0
0,41,3,2,0,12,78.2,1,31000.0,3,4,4,2,506800.0
0,30,1,2,2,2,59.5,1,71200.0,5,4,4,3,639400.0
1,47,3,1,1,2,68.3,0,34100.0,3,3,5,4,238000.0
1,40,4,2,0,12,114.9,0,13400.0,3,4,1,3,455100.0
1,31,1,2,0,2,171.0,2,85900.0,2,2,1,5,208900.0
0,25,1,1,1,2,85.8,0,36600.0,2,2,1,2,229900.0
1,20,1,2,1,10,131.9,0,207500.0,3,2,4,5,909900.0
1,32,2,1,1,3,121.4,1,9800.0,4,2,4,5,339100.0
1,56,5,1,0,7,79.8,0,9200.0,1,1,3,3,1268600.0
1,37,3,2,0,4,125.0,0,43500.0,1,2,5,5,359700.0
1,43,5,2,1,4,126.1,0,49900.0,5,2,1,4,653000.0
1,62,4,2,2,2,122.1,2,5300.0,2,2,1,2,717500.0
0,20,3,1,0,1,75.6,3,6900.0,1,5,3,1,107200.0
1,48,4,1,1,2,115.1,0,5600.0,4,3,4,4,194100.0
0,45,3,1,0,2,131.6,0,22800.0,5,3,3,1,149300.0
0,65,7,2,1,8,123.5,0,48000.0,2,2,3,1,723000.0
0,68,5,2,0,2,127.7,1,74200.0,1,2,4,3,308600.0
0,40,4,2,0,12,82.9,0,126400.0,3,3,2,1,455200.0
0,25,2,1,2,3,127.5,1,42100.0,4,4,5,2,605500.0
0,44,4,3,1,18,135.2,0,15900.0,4,5,2,3,1564800.0
1,25,1,2,2,10,74.0,0,24300.0,2,5,2,4,909500.0
1,47,2,2,0,2,41.6,2,112700.0,4,4,5,4,257800.0
0,54,4,1,0,3,147.2,0,16200.0,2,2,2,4,220600.0
1,31,2,2,1,10,73.8,1,59200.0,4,3,4,5,535200.0
1,41,4,1,2,1,64.0,0,34600.0,1,5,2,3,440900.0
0,34,3,1,1,4,97.4,0,17200.0,2,4,2,3,315200.0
0,32,4,1,1,3,80.6,0,21500.0,4,4,2,3,389200.0
1,22,1,1,1,1,22.6,0,3700.0,1,1,4,2,80200.0
1,47,4,1,0,2,121.2,0,36600.0,1,4,3,3,156000.0
1,56,6,1,3,3,120.3,1,8900.0,1,1,1,2,530400.0
0,50,5,1,1,2,53.9,0,2600.0,2,1,5,4,212800.0
0,24,1,2,2,6,89.1,2,19800.0,2,5,5,5,1101600.0
0,58,3,1,2,3,54.4,0,6600.0,4,2,4,1,289200.0
0,43,2,2,1,6,59.9,0,46400.0,3,2,1,5,648000.0
0,20,1,1,0,3,68.9,0,4400.0,3,4,2,5,150800.0
0,27,1,3,1,6,108.5,2,66600.0,5,3,5,5,857700.0
1,24,3,3,0,3,160.4,0,58100.0,3,3,2,1,461000.0
1,51,4,1,1,1,75.5,0,13500.0,3,1,4,2,615200.0
0,40,3,2,1,8,119.4,0,82600.0,4,4,4,4,941000.0
1,42,3,1,2,2,117.9,0,8900.0,2,4,4,1,200600.0
0,28,2,3,2,3,20.0,0,13700.0,3,2,3,4,706300.0
1,40,5,2,2,4,41.5,0,49200.0,5,3,4,2,769200.0
0,23,2,1,0,4,161.6,0,6600.0,4,5,2,4,614200.0
1,37,2,1,1,1,72.3,0,15900.0,1,4,3,2,90500.0
1,37,2,1,0,4,105.9,1,6500.0,1,4,2,1,187900.0
1,27,2,1,2,3,101.8,1,15400.0,5,2,4,1,560000.0
0,47,3,2,4,6,20.0,1,7500.0,2,5,3,4,1248300.0
1,23,1,2,1,4,66.1,0,115100.0,1,5,1,4,581600.0
0,47,3,1,0,1,115.4,0,1200.0,2,5,4,5,114800.0
1,38,1,1,1,3,57.2,1,10600.0,3,5,3,5,462000.0
1,36,3,1,3,1,76.8,0,5100.0,3,3,3,4,118000.0
1,21,1,1,1,2,47.9,0,13800.0,3,1,3,5,168500.0
1,28,1,2,0,8,60.6,2,76900.0,1,5,5,4,1418200.0
1,57,4,1,4,1,71.6,3,5500.0,1,1,3,3,435300.0
0,24,1,2,2,1,24.9,2,66200.0,2,1,1,5,589300.0
1,42,3,1,0,1,131.0,3,3000.0,2,2,4,4,85900.0
0,66,6,1,3,4,41.4,2,22900.0,5,5,4,3,1033300.0
1,21,1,2,1,2,84.0,1,23500.0,3,3,4,5,345300.0
1,22,1,1,1,3,63.9,0,22300.0,4,2,3,1,217600.0
1,48,3,1,1,4,127.7,2,10000.0,4,2,4,4,326500.0
1,63,5,2,2,2,46.9,2,41400.0,3,1,1,1,895100.0
1,53,4,2,2,6,62.6,0,21200.0,5,4,5,5,926600.0
0,32,1,1,0,2,43.2,0,33500.0,2,3,1,3,104800.0
1,44,4,2,4,6,20.0,0,3400.0,1,5,5,4,1588700.0
0,22,2,2,0,4,107.8,2,95700.0,5,5,4,3,238600.0
1,68,4,1,2,2,91.1,0,18200.0,5,3,2,1,223400.0
0,62,4,2,1,4,97.7,0,17500.0,3,5,5,4,488500.0
0,21,3,1,0,2,118.4,0,6000.0,2,4,1,1,143000.0
1,24,2,1,0,4,93.8,3,12200.0,4,4,1,1,151800.0
0,25,1,2,3,6,74.5,0,49100.0,4,5,2,3,945600.0
1,20,2,2,1,4,99.1,0,2800.0,4,2,5,5,2177900.0
0,45,4,3,2,9,72.3,0,132900.0,5,5,5,1,1339400.0
0,32,3,1,1,4,128.9,0,20900.0,1,5,1,1,409800.0
1,23,1,1,2,4,77.3,0,9200.0,2,3,5,2,303500.0
0,35,2,2,1,6,85.8,0,61800.0,1,4,2,3,546400.0
0,67,4,1,1,5,112.3,0,6800.0,4,2,5,1,461400.0
1,38,4,2,1,1,171.8,0,26200.0,1,3,5,2,313700.0
0,35,2,2,3,2,54.2,0,9300.0,5,3,2,3,388300.0
1,26,1,3,1,6,47.4,0,48200.0,3,2,4,4,740200.0
0,64,7,1,1,4,81.4,2,1000.0,1,2,5,5,461300.0
0,48,5,1,3,3,63.8,0,24700.0,1,3,1,3,567700.0
1,23,3,2,2,8,114.5,0,39800.0,1,5,3,1,1068900.0
0,25,2,2,0,4,96.9,0,62300.0,4,2,1,2,276800.0
0,24,3,3,5,1,50.8,0,3400.0,1,1,1,2,1545500.0
0,20,1,1,2,1,116.2,0,22300.0,2,2,4,4,165700.0
0,34,3,2,0,8,154.7,0,23800.0,5,3,4,2,352500.0
1,54,5,2,1,4,62.0,1,60000.0,2,1,1,1,715200.0
0,38,2,1,2,3,101.4,0,17000.0,2,3,5,3,392100.0
1,50,3,2,2,12,20.0,0,99800.0,4,4,1,4,1824400.0
1,34,4,2,1,6,77.1,2,60900.0,1,4,5,5,786200.0
1,46,3,1,1,2,100.8,0,40000.0,5,5,2,5,177100.0
1,45,4,1,1,2,85.1,1,2700.0,5,2,2,1,357000.0
0,25,1,2,1,4,93.9,0,100300.0,5,3,4,4,373200.0
1,36,1,2,0,10,62.8,0,56500.0,1,1,3,4,321600.0
0,45,3,2,0,6,134.1,0,64500.0,5,2,3,1,341700.0
1,24,1,1,2,1,75.6,0,37800.0,5,5,4,4,139900.0
1,34,3,1,2,5,47.0,2,4600.0,3,3,2,2,626200.0
0,38,2,4,1,12,88.6,0,21500.0,3,3,4,2,1055700.0
1,67,4,3,1,9,122.3,0,33900.0,5,4,2,1,926100.0
1,33,2,1,1,2,109.4,0,6100.0,2,5,5,1,181900.0
0,43,3,2,1,4,71.9,0,9700.0,1,3,2,2,426400.0
0,34,2,1,4,4,152.1,1,12300.0,2,4,2,3,644700.0
1,42,4,1,2,3,87.4,0,6700.0,2,4,2,1,423700.0
1,37,2,1,1,6,30.1,1,28500.0,1,1,3,2,362000.0
1,56,3,1,1,1,110.8,1,800.0,1,5,2,3,205800.0
1,34,2,2,1,6,85.2,0,160600.0,4,5,1,3,832300.0
1,32,1,2,1,8,87.4,0,73700.0,4,3,5,2,616500.0
1,44,2,4,1,8,121.1,0,23800.0,4,1,3,2,639200.0
0,32,2,2,2,4,80.9,0,11900.0,5,2,1,4,547800.0
0,24,2,1,2,2,79.8,0,13800.0,5,3,3,3,210700.0
1,20,3,2,1,4,46.1,2,64300.0,5,4,3,5,563700.0
1,25,2,4,3,4,71.5,0,39700.0,4,2,1,4,1339400.0
0,53,4,2,2,10,98.6,0,14400.0,1,2,4,4,1291900.0
0,23,1,2,2,4,69.4,0,1700.0,5,3,4,3,364100.0
1,27,1,3,4,6,31.6,0,18500.0,1,1,2,3,1258900.0
1,41,4,1,1,1,112.8,0,47100.0,4,5,1,3,188500.0
1,23,3,2,1,12,114.2,0,93100.0,1,1,2,1,908900.0
1,31,1,2,3,4,114.5,0,115300.0,5,3,4,2,697500.0
0,20,1,3,2,6,57.6,0,32000.0,1,5,1,2,834400.0
0,52,5,1,3,3,89.3,1,900.0,4,2,1,2,705200.0
0,57,5,2,0,10,98.4,2,300800.0,5,4,1,3,1032900.0
0,55,5,2,1,2,110.8,0,75700.0,5,1,2,4,586800.0
1,36,3,1,0,6,111.6,1,6900.0,4,5,3,3,254900.0
0,41,5,2,1,10,40.6,0,144200.0,2,1,3,3,941200.0
1,25,1,1,0,6,150.3,1,42400.0,3,5,3,4,229800.0
1,27,3,1,0,5,47.7,0,45800.0,4,4,1,5,245400.0
0,27,3,1,0,3,32.9,1,3700.0,1,3,4,1,162600.0
1,33,3,2,1,6,20.0,2,40500.0,2,3,2,5,785500.0
1,35,2,1,1,2,114.4,1,43600.0,4,5,2,3,367600.0
1,34,2,2,0,6,140.7,1,100400.0,3,5,4,2,408000.0
0,28,1,1,1,6,67.9,0,3600.0,5,3,3,2,336100.0
1,37,2,1,0,5,28.1,0,25500.0,3,2,5,4,254300.0
1,41,4,1,3,2,120.6,0,31800.0,3,2,4,3,267300.0
0,36,1,1,1,1,44.6,0,18200.0,4,2,3,4,85000.0
0,46,3,2,1,14,111.7,0,7500.0,5,4,1,4,775000.0
1,20,2,2,2,8,57.6,0,47100.0,5,5,4,1,581500.0
1,40,2,1,1,2,74.6,1,14700.0,3,1,3,4,180400.0
0,33,2,1,2,3,101.2,0,9900.0,4,1,2,3,302500.0
1,24,1,2,1,10,101.4,0,12400.0,5,5,5,1,743600.0
0,23,1,1,3,2,93.7,1,1800.0,5,3,5,2,344100.0
1,36,2,3,1,6,141.5,0,123300.0,1,5,5,1,616900.0
0,42,4,2,5,6,150.0,0,51800.0,3,2,3,3,1993700.0
1,36,2,1,2,5,152.7,2,4500.0,2,2,3,5,721700.0
0,27,3,1,1,3,83.8,2,14500.0,3,1,1,1,1512500.0
0,55,4,2,2,6,93.7,0,1300.0,4,5,5,5,1153800.0
0,45,3,1,1,2,138.2,0,17300.0,5,1,2,1,197000.0
0,37,1,1,0,4,67.2,0,22000.0,5,3,5,1,127300.0
1,37,1,1,1,7,75.0,0,3100.0,1,4,4,4,317300.0
0,26,1,2,4,2,90.7,0,15700.0,5,4,4,5,527900.0
1,35,1,2,1,6,89.3,2,18400.0,5,3,2,5,480300.0
0,35,2,1,1,3,80.0,2,14800.0,2,2,3,1,296700.0
0,65,5,2,2,6,57.3,1,42300.0,3,2,5,3,1368700.0
0,37,2,1,1,2,119.9,0,4600.0,5,2,4,3,155700.0
0,30,2,2,0,2,76.4,0,61200.0,4,1,2,5,260400.0
0,34,3,1,2,4,95.5,0,1300.0,2,1,1,4,456000.0
0,52,6,2,2,8,89.8,0,12200.0,2,4,4,4,1031000.0
1,47,2,4,0,20,113.6,0,99700.0,1,2,4,3,922300.0
0,35,2,1,4,3,106.0,1,14400.0,4,2,5,4,571300.0
1,41,5,1,1,3,81.1,1,1000.0,2,3,3,1,2440600.0
1,36,1,1,1,3,75.5,1,500.0,3,4,4,1,265000.0
0,36,4,1,0,3,86.1,0,8200.0,4,1,4,5,180400.0
1,24,1,1,1,6,51.2,1,3100.0,3,4,5,2,464300.0
1,37,3,2,1,10,61.9,0,42400.0,1,2,3,3,1147500.0
1,24,1,3,1,15,108.6,1,21900.0,1,2,1,3,1200100.0
1,50,6,1,2,3,100.5,0,5900.0,5,1,1,2,390200.0
0,38,2,2,0,8,56.2,0,60700.0,3,1,1,4,516800.0
1,53,5,2,2,4,85.8,0,126900.0,3,4,1,1,1231700.0
1,31,1,2,1,2,35.3,0,48700.0,1,5,3,1,282200.0
1,43,3,1,5,1,94.7,3,69300.0,3,2,1,3,591900.0
1,38,3,1,1,3,78.2,0,5900.0,4,2,5,3,328500.0
0,21,1,2,0,1,163.3,2,11600.0,5,5,5,4,130300.0
0,33,4,1,0,4,110.6,0,30300.0,5,4,5,4,218300.0
1,21,1,2,3,4,56.6,0,10500.0,4,3,1,3,611600.0
1,34,3,2,2,12,56.2,0,39400.0,2,3,5,4,1373200.0
0,32,2,1,1,4,112.3,0,9400.0,3,2,5,2,296300.0
0,41,5,1,1,2,120.8,0,50000.0,2,3,2,1,192700.0
0,28,3,3,1,15,155.0,0,66400.0,2,4,1,3,997800.0
0,24,1,2,4,2,130.5,1,52200.0,3,3,5,2,659200.0
1,34,3,2,3,14,106.7,0,34700.0,1,1,3,2,1575200.0
1,50,5,1,5,2,139.8,0,4200.0,3,4,5,5,340600.0
0,45,3,2,3,2,92.6,0,70700.0,1,5,2,3,712000.0
0,36,2,2,3,10,91.1,1,26800.0,4,2,3,5,1304900.0
0,30,1,2,1,6,47.6,1,97900.0,1,4,3,2,681700.0
0,28,2,1,2,1,142.8,0,7900.0,2,3,4,3,87800.0
1,67,5,1,2,6,94.6,0,53600.0,2,4,2,5,834900.0
1,47,2,1,4,5,86.5,0,3100.0,2,5,2,1,681500.0
1,26,1,2,1,8,62.2,2,28600.0,1,4,5,3,632400.0
0,34,2,3,0,12,132.9,0,25700.0,2,5,2,5,577200.0
1,22,2,4,1,12,124.5,1,63700.0,5,5,3,4,1035400.0
1,68,7,3,2,12,58.4,0,8400.0,3,4,3,3,2466100.0
1,26,1,1,1,2,107.9,0,7600.0,2,2,5,4,161900.0
1,47,2,1,1,3,117.9,2,9300.0,1,2,3,3,388500.0
0,25,2,1,1,1,46.4,0,4400.0,2,3,5,5,130300.0
0,44,3,1,1,3,112.4,1,25500.0,1,4,4,5,252000.0
0,47,3,2,1,6,105.4,0,44000.0,3,4,2,3,718600.0
0,42,3,3,0,6,111.8,0,80400.0,1,1,2,2,452200.0
0,36,2,1,3,3,159.5,1,11500.0,3,2,2,5,395400.0
1,51,4,2,2,6,193.7,2,17300.0,2,5,4,3,1194300.0
1,22,2,3,0,3,133.3,1,4600.0,5,1,2,3,345300.0
1,31,2,2,2,2,99.1,0,110000.0,2,4,4,1,552100.0
0,24,2,1,2,1,112.3,0,8800.0,3,1,4,4,167300.0
1,66,5,1,0,2,105.2,0,1900.0,4,2,5,1,144200.0
1,30,2,1,1,2,172.3,0,600.0,4,4,1,4,176500.0
1,48,4,2,1,2,94.8,0,19900.0,4,2,1,4,483200.0
1,40,3,1,1,3,75.5,0,6000.0,2,1,5,1,162500.0
1,20,1,1,2,3,109.2,1,40200.0,1,3,5,2,277500.0
1,27,1,4,1,1,163.1,1,10900.0,5,5,5,3,679200.0
0,25,1,2,0,4,56.1,1,12000.0,5,5,2,5,115100.0
0,35,3,2,4,4,66.5,2,78500.0,2,3,3,3,1323500.0
0,28,1,3,1,18,64.5,0,131400.0,3,3,5,1,1363900.0
0,23,2,1,2,4,48.1,2,35400.0,2,3,4,2,395200.0
0,57,3,1,0,2,56.7,1,9200.0,4,2,1,5,169700.0
1,63,5,2,1,10,122.9,2,52900.0,3,4,2,5,1425300.0
1,31,4,1,1,2,97.7,0,13600.0,5,3,3,2,207100.0
1,37,3,2,0,10,44.7,0,4000.0,2,2,1,5,280600.0
0,26,1,1,1,3,114.0,1,21700.0,1,1,1,5,256200.0
1,43,3,1,0,2,102.1,2,40600.0,1,1,1,2,212800.0
1,48,3,2,1,4,123.3,1,223600.0,5,3,4,1,936600.0
0,28,2,1,2,4,68.9,1,6500.0,3,1,4,1,642100.0
1,27,2,2,0,6,47.1,0,20900.0,4,3,4,5,251700.0
0,40,4,2,3,8,113.8,1,88100.0,1,1,3,1,2039200.0
0,36,2,3,0,20,118.9,1,11900.0,1,1,1,1,946900.0
1,24,2,2,1,8,51.3,1,16700.0,2,4,5,5,731700.0
0,36,2,1,2,5,98.3,1,3900.0,5,4,3,5,765000.0
1,28,1,2,1,2,68.4,0,181700.0,1,1,4,1,389400.0
1,31,2,2,1,4,124.0,1,78500.0,2,4,4,4,735700.0
1,43,5,2,0,8,113.2,0,8600.0,3,3,4,2,535400.0
0,43,4,2,2,1,132.7,2,5800.0,1,5,2,1,582500.0
0,31,2,2,1,6,60.6,0,111000.0,5,3,1,1,820600.0
0,52,4,2,0,2,65.9,0,97300.0,2,4,5,4,287100.0
1,37,4,2,1,4,77.0,3,66700.0,3,2,1,3,670400.0
1,48,3,1,2,2,71.4,0,4900.0,2,1,3,3,164900.0
0,35,2,1,1,3,102.9,0,3900.0,4,4,2,2,276700.0
1,51,6,2,0,6,52.3,1,55400.0,5,4,3,5,421600.0
1,51,5,1,1,3,143.2,0,5200.0,5,4,4,1,368400.0
0,26,1,1,1,3,151.0,0,18400.0,1,3,4,4,146600.0
1,57,4,1,1,2,128.8,2,6900.0,2,1,5,5,306600.0
1,47,3,2,2,6,107.5,0,10300.0,3,5,1,5,696900.0
0,45,2,1,1,1,85.7,0,2700.0,1,4,3,3,109400.0
0,27,3,2,1,6,96.6,0,13400.0,5,2,4,1,596400.0
1,40,3,1,3,3,63.5,0,17100.0,2,1,5,2,582300.0
1,58,5,2,1,10,95.5,0,17600.0,3,5,5,4,1075700.0
1,20,1,1,1,6,101.7,0,2300.0,5,2,3,1,1649800.0
1,52,4,2,1,2,61.1,2,31400.0,3,5,1,5,443700.0
0,28,1,1,1,2,146.7,0,40900.0,2,5,2,5,142800.0
0,24,2,3,1,15,87.1,0,85100.0,3,1,5,2,1481900.0
1,38,2,3,1,9,54.0,0,3600.0,1,3,3,3,579700.0
0,38,2,2,5,6,82.8,0,4200.0,1,2,4,2,1747000.0
0,45,2,3,3,9,68.9,0,48100.0,2,4,2,2,1440300.0
1,20,1,1,2,1,60.6,0,6300.0,5,5,2,1,116900.0
1,66,4,2,1,1,145.0,2,19300.0,4,2,1,3,557000.0
1,25,1,2,1,2,90.3,0,94400.0,4,1,3,5,393700.0
1,28,1,2,0,6,126.0,0,8300.0,4,2,1,3,221700.0
0,26,1,3,1,12,104.4,1,219100.0,5,4,5,1,1246500.0
1,33,2,2,2,6,106.7,0,1500.0,1,4,5,1,1046900.0
0,56,4,4,1,8,89.5,0,7500.0,1,1,3,2,957900.0
1,41,3,1,3,3,74.9,0,77000.0,1,2,4,1,367300.0
1,45,3,2,0,2,135.5,2,42700.0,2,3,5,3,268000.0
1,25,1,2,1,2,112.9,2,14600.0,1,3,5,2,315100.0
1,31,3,2,1,2,83.7,0,80000.0,1,5,4,2,382400.0
1,33,2,1,1,3,124.8,0,4800.0,1,5,2,2,198300.0
0,37,2,2,3,6,142.9,0,2400.0,4,2,3,3,1149600.0
1,27,1,3,5,9,102.8,1,126100.0,3,5,2,2,3401100.0
1,47,4,1,0,5,144.3,0,29100.0,1,4,1,4,259000.0
0,37,3,2,0,10,73.3,0,57800.0,3,1,4,4,503500.0
1,40,4,1,0,5,58.5,1,12400.0,1,5,3,3,248400.0
1,31,2,4,2,12,78.0,0,7700.0,4,3,4,5,1556600.0
0,23,1,2,1,2,91.4,0,18800.0,4,4,4,5,293900.0
1,48,5,1,2,2,144.4,1,6700.0,3,3,2,2,435900.0
1,22,2,1,1,2,76.7,1,4900.0,4,5,2,3,270200.0
1,55,4,2,1,1,103.4,1,43100.0,2,5,1,2,377100.0
1,36,3,1,2,2,128.5,2,16100.0,5,4,3,2,440200.0
1,27,2,2,1,4,106.4,0,28700.0,5,3,4,4,430900.0
1,66,5,3,1,3,72.7,0,500.0,1,1,1,1,453900.0
1,32,2,2,0,4,45.2,0,16300.0,4,1,4,3,207800.0
0,25,1,1,1,2,132.7,0,7000.0,5,4,1,1,178200.0
1,34,1,4,1,16,53.2,0,23400.0,3,5,4,4,1317100.0
1,23,2,2,1,2,76.7,0,2000.0,3,4,2,1,224700.0
0,40,3,1,3,7,91.2,0,0.0,3,3,5,4,522900.0
1,46,4,1,3,5,134.2,0,5600.0,1,1,1,5,723300.0
1,67,7,1,2,2,124.9,0,4400.0,5,5,1,4,360800.0
0,31,1,2,1,2,95.2,0,31100.0,5,3,5,3,300000.0
1,36,2,1,2,2,132.4,1,30200.0,5,1,2,5,456500.0
1,45,4,1,1,4,140.1,0,5000.0,3,1,1,2,212100.0
1,24,2,2,1,2,73.3,0,7800.0,3,2,2,3,337900.0
0,33,3,2,1,6,76.2,3,109800.0,1,5,4,3,819500.0
0,31,2,2,0,16,116.2,1,24900.0,2,4,4,3,728300.0
0,25,1,2,1,4,149.4,0,34000.0,5,2,5,1,349600.0
1,34,2,1,1,3,65.7,0,4000.0,1,1,3,1,152600.0
0,51,6,3,4,6,25.5,0,33100.0,3,5,2,2,2140100.0
1,56,4,1,1,2,112.7,0,5800.0,2,5,3,1,211200.0
0,25,3,2,3,8,137.8,0,166800.0,4,2,3,3,1361200.0
0,28,1,2,1,18,94.5,0,900.0,2,3,2,4,1335100.0
1,24,3,1,0,3,182.2,0,25300.0,1,3,3,2,204400.0
1,58,5,4,1,20,60.7,0,23400.0,2,4,1,2,1621700.0
0,28,1,2,2,6,64.0,0,38100.0,3,5,4,3,738200.0
1,40,3,1,0,1,63.5,0,800.0,2,2,5,5,80500.0
0,24,1,3,1,6,93.0,2,31500.0,3,1,2,1,735800.0
1,38,2,2,1,4,93.9,0,89300.0,2,3,5,5,357000.0
1,36,1,2,1,10,63.1,0,160200.0,1,2,4,3,1037700.0
0,45,2,2,2,10,129.3,0,5400.0,4,4,5,5,966600.0
0,25,1,2,1,4,99.4,0,96600.0,5,4,2,3,397000.0
0,46,4,1,0,2,53.8,0,4200.0,2,5,5,1,154200.0
1,20,1,1,3,6,111.5,0,21900.0,4,4,3,1,565100.0
1,43,2,2,1,4,75.3,0,187200.0,2,4,3,2,504600.0
0,50,5,1,2,6,93.6,1,3900.0,4,3,4,5,1133000.0
1,25,1,2,2,6,121.1,0,9900.0,3,3,3,5,735200.0
0,53,6,1,4,2,125.0,0,3300.0,4,4,5,5,643100.0
0,30,3,1,1,3,122.1,2,17000.0,5,5,1,5,334800.0
1,28,1,1,1,2,91.7,0,56500.0,4,3,5,4,190000.0
1,33,2,2,1,10,55.9,0,58800.0,5,3,1,2,959800.0
1,25,1,2,2,2,78.8,0,122100.0,5,4,5,2,436700.0
1,46,2,1,1,4,90.8,0,11000.0,4,5,1,4,163500.0
0,47,2,2,1,8,144.1,0,14500.0,5,4,1,5,517000.0
1,28,1,1,3,5,71.6,0,71800.0,5,1,2,4,925900.0
0,38,2,2,0,8,97.1,0,6100.0,3,1,2,5,398100.0
1,47,3,1,3,3,46.8,0,2000.0,1,5,5,4,535800.0
0,52,4,2,3,6,101.9,0,165000.0,3,1,3,2,1740900.0
1,31,1,2,1,4,88.4,1,83000.0,1,5,2,4,632900.0
0,54,5,3,1,3,85.5,1,61800.0,1,1,1,3,895200.0
0,30,2,1,1,2,119.6,0,6500.0,3,2,5,5,127000.0
1,32,2,2,5,10,66.0,3,3600.0,5,3,3,4,2006500.0
0,50,3,2,0,8,139.0,1,7600.0,3,4,5,5,437000.0
1,32,1,3,1,6,63.4,1,22900.0,5,5,1,1,579600.0
0,33,2,1,2,3,137.8,0,25500.0,3,1,2,5,245600.0
0,36,2,1,3,2,34.1,1,77700.0,3,2,2,4,566100.0
0,54,4,3,2,18,100.7,2,42000.0,2,1,4,5,1562100.0
0,44,3,1,1,4,111.4,0,6400.0,4,2,4,3,270300.0
1,30,2,1,0,6,77.4,1,18600.0,3,4,5,3,349300.0
0,37,2,1,1,3,99.7,1,11500.0,4,3,5,4,203300.0
1,33,2,2,0,1,77.3,0,24000.0,5,3,3,4,194700.0
1,34,2,1,3,2,105.7,0,2500.0,2,2,2,5,367100.0
1,21,2,2,2,10,98.8,0,24200.0,2,1,2,2,1005200.0
1,40,4,1,2,4,167.6,0,22300.0,1,3,4,3,666100.0
1,38,2,1,2,2,41.7,0,21500.0,4,1,1,3,172100.0
1,31,2,1,1,1,97.0,0,49700.0,2,5,1,1,184600.0
0,25,1,1,0,4,75.3,0,900.0,5,1,4,1,176500.0
0,20,2,2,1,12,94.4,2,5700.0,1,5,5,2,1231300.0
1,50,3,2,0,16,85.2,0,120600.0,2,5,2,3,565700.0
1,28,3,2,2,4,77.8,0,190300.0,5,3,2,4,965100.0
1,23,2,1,0,1,71.7,0,5600.0,4,5,2,3,91600.0
0,38,3,2,2,6,115.0,2,15000.0,5,1,1,4,1046400.0
1,24,1,2,2,4,76.9,0,65600.0,5,4,5,4,477000.0
1,26,1,2,1,8,89.2,1,36100.0,5,1,1,2,449600.0
1,20,1,2,0,4,96.5,0,17400.0,3,2,5,3,214100.0
0,35,1,1,1,6,64.6,0,2500.0,2,2,4,5,403500.0
1,37,2,3,1,6,111.3,0,132300.0,5,1,5,3,521400.0
0,30,3,1,2,1,56.4,0,10700.0,1,2,1,3,174300.0
0,38,2,1,0,4,107.3,1,23500.0,3,4,2,1,239200.0
1,62,5,2,2,6,104.1,0,34800.0,5,2,1,2,906700.0
0,30,1,3,2,9,85.3,0,84000.0,5,3,4,5,3623100.0
0,20,2,2,0,2,51.7,1,52200.0,2,4,2,5,270700.0
0,25,2,1,2,5,90.2,0,53300.0,3,3,1,5,425100.0
1,35,2,1,2,4,53.9,0,34400.0,5,3,2,4,336500.0
1,40,3,2,2,4,86.1,2,401400.0,5,4,4,2,1000600.0
0,22,1,3,0,12,117.6,0,137700.0,4,3,5,1,649100.0
1,46,3,1,0,4,89.5,1,10000.0,1,2,5,4,246100.0
1,22,1,2,1,4,133.9,1,82600.0,1,1,3,5,395500.0
0,32,4,1,1,4,100.3,0,13800.0,2,4,2,4,290300.0
1,42,3,2,2,6,117.1,0,115300.0,3,1,4,4,1050900.0
1,36,2,3,2,9,115.1,0,40800.0,5,4,1,5,1410100.0
1,33,2,1,3,1,139.2,0,15500.0,3,4,1,5,188500.0
0,23,2,1,0,4,44.3,1,12700.0,2,3,3,1,160200.0
1,42,3,2,0,6,71.7,0,151200.0,4,1,1,2,396700.0
1,28,1,2,2,4,91.0,0,25100.0,2,2,4,3,505400.0
0,51,5,2,1,6,118.0,0,91700.0,1,1,4,3,736700.0
1,23,1,2,1,6,95.9,0,19200.0,4,4,5,3,591200.0
0,57,5,1,1,2,89.8,1,47200.0,5,2,2,1,304500.0
0,35,1,2,0,8,126.1,1,69000.0,2,3,2,4,314500.0
1,46,4,1,1,1,78.2,1,14900.0,3,2,1,5,308300.0
0,26,1,3,1,3,76.6,1,90800.0,3,2,2,2,454400.0
0,51,3,1,1,4,108.2,0,10900.0,1,1,3,3,381700.0
1,23,2,2,2,4,173.8,0,133700.0,1,4,2,2,711700.0
0,25,1,1,0,5,89.3,0,2600.0,1,4,1,2,185900.0
1,32,2,1,3,3,67.4,2,11600.0,1,4,2,5,672600.0
0,28,1,1,1,6,70.2,0,3600.0,5,5,4,1,215700.0
0,23,1,2,3,6,77.2,2,104900.0,4,3,4,5,1172800.0
0,51,4,2,1,6,136.4,1,175200.0,1,1,5,1,955500.0
0,65,7,3,1,9,77.2,1,22100.0,2,4,5,4,1679000.0
0,30,4,1,1,2,100.7,0,3600.0,5,2,5,2,250300.0
1,55,4,2,2,6,86.8,0,23400.0,4,5,5,3,1219400.0
1,30,2,2,1,2,44.0,0,29000.0,5,3,2,2,380200.0
0,27,1,1,1,5,78.5,0,24900.0,3,4,1,5,407000.0
1,44,4,1,3,2,20.0,2,3700.0,5,5,2,1,554000.0
1,45,2,2,1,1,96.1,1,14300.0,5,3,1,4,235200.0
1,61,5,1,1,9,107.1,1,200.0,3,2,1,4,422600.0
1,21,1,1,1,3,60.4,0,1700.0,3,5,1,1,197700.0
0,48,2,2,1,10,71.0,0,85400.0,3,1,1,1,899800.0
0,22,1,1,1,1,43.1,1,27200.0,5,3,4,1,176700.0
1,25,1,2,1,8,20.0,0,65200.0,3,5,1,4,695800.0
1,24,2,3,4,12,37.3,2,4600.0,1,5,2,2,2121300.0
0,63,5,2,2,6,112.8,1,20300.0,2,3,1,2,1005100.0
0,41,3,2,0,8,79.0,0,33200.0,2,5,4,4,480100.0
1,47,2,1,1,2,97.3,0,14000.0,3,5,2,3,181700.0
1,36,2,2,4,6,161.4,1,49700.0,4,3,3,5,1419200.0
1,21,1,1,2,5,125.0,0,34600.0,5,2,2,4,442200.0
1,25,1,2,3,4,108.9,0,97100.0,2,1,4,3,712200.0
0,27,3,4,1,12,73.0,0,3400.0,1,3,4,5,1339400.0
1,36,1,2,2,4,144.6,0,163400.0,4,4,5,2,3540600.0
1,40,3,2,2,8,133.2,1,14300.0,4,5,3,1,1318600.0
0,34,2,1,1,1,121.3,0,4800.0,1,1,1,5,81200.0
1,21,3,1,1,1,89.8,1,9800.0,5,1,4,1,226500.0
1,25,2,2,1,6,57.6,0,49500.0,5,3,5,3,453500.0
0,26,2,1,1,2,143.1,2,20900.0,3,4,5,4,259000.0
1,36,2,2,2,6,120.5,3,31700.0,1,4,1,4,1151500.0
1,52,6,1,2,5,82.9,1,100.0,1,2,2,1,565800.0
1,46,2,2,3,4,80.3,0,126700.0,1,4,3,5,789600.0
0,44,2,1,2,1,47.2,0,12100.0,3,3,1,5,158000.0
0,37,3,2,1,8,116.6,0,60100.0,2,1,1,3,1767900.0
1,37,4,2,1,6,96.0,0,51000.0,5,1,2,4,672400.0
0,26,1,1,2,6,103.9,0,30800.0,3,4,2,1,352600.0
1,55,3,1,1,3,122.6,1,22300.0,3,5,4,2,343100.0
1,41,2,2,1,8,115.3,0,161900.0,3,2,2,4,810500.0
0,25,1,1,1,1,59.4,0,6300.0,1,4,2,4,122900.0
1,38,2,1,0,6,90.8,0,4800.0,3,3,3,3,251600.0
1,31,4,1,2,4,104.4,2,2500.0,2,2,3,4,782800.0
0,30,3,2,1,8,107.1,0,60700.0,4,4,3,3,811700.0
1,54,5,1,1,4,34.3,0,2900.0,3,2,1,3,422600.0
1,35,3,4,4,16,54.8,2,21100.0,2,5,3,2,4343200.0
1,32,2,2,2,2,113.0,0,82900.0,1,3,3,5,412400.0
1,27,2,1,2,2,112.5,1,22100.0,4,4,5,4,493000.0
1,26,1,2,1,10,146.3,0,4700.0,5,1,3,3,461500.0
1,21,1,2,2,4,35.7,0,32100.0,5,3,1,3,550800.0
1,26,1,1,2,5,121.4,0,12400.0,1,5,5,5,413500.0
1,40,3,2,1,4,103.2,2,22700.0,1,5,1,5,577500.0
1,48,4,2,4,1,53.2,0,39500.0,5,1,1,3,604000.0
0,26,3,1,0,3,28.1,0,30300.0,1,3,5,4,153000.0
1,45,3,2,3,8,122.9,0,57700.0,5,4,5,4,912500.0
0,21,2,1,1,1,55.6,0,9100.0,1,1,5,4,100200.0
0,22,1,1,1,1,44.0,0,2000.0,5,4,5,5,87500.0
0,20,2,2,0,8,105.9,2,42100.0,2,2,1,4,313400.0
1,34,2,2,1,6,89.7,2,33100.0,1,4,5,4,588400.0
1,28,1,3,1,9,110.1,0,21100.0,5,2,2,4,471300.0
1,35,2,2,5,6,105.1,0,151300.0,1,4,3,5,1671300.0
1,34,2,2,4,4,207.1,0,500.0,5,2,3,1,937300.0
1,62,4,2,4,4,115.3,2,7800.0,5,3,2,1,1237600.0
1,24,3,1,1,3,113.1,0,31400.0,4,5,1,4,302900.0
1,27,1,2,5,4,59.1,0,18300.0,1,3,1,1,1403800.0
0,21,3,2,1,8,144.7,1,77100.0,2,1,3,4,643200.0
0,34,3,1,3,2,72.3,0,17100.0,3,3,4,5,895700.0
1,25,1,2,1,6,58.1,0,17600.0,3,3,2,4,628100.0
1,47,3,1,1,1,82.6,0,27100.0,1,5,2,2,109300.0
0,37,3,2,4,8,105.4,0,9400.0,5,3,3,3,1184100.0
0,34,2,2,3,4,73.8,1,13400.0,5,1,5,5,1015200.0
1,38,3,3,2,12,59.3,0,18700.0,2,3,4,2,1486900.0
0,23,1,1,2,3,58.6,0,4100.0,1,3,1,2,190400.0
1,28,1,2,0,8,97.2,0,88200.0,3,3,1,3,336400.0
1,26,3,1,2,5,109.6,1,17900.0,2,3,1,2,602100.0
1,35,2,2,1,10,112.5,2,124300.0,1,5,1,3,1114800.0
0,23,1,2,0,6,35.6,0,4900.0,1,5,2,4,291700.0
1,21,1,2,0,4,60.9,0,63900.0,1,1,2,5,262800.0
1,67,6,2,0,4,122.6,0,9900.0,4,1,5,5,299600.0
1,25,2,2,2,2,75.2,0,3900.0,2,1,2,5,385700.0
1,42,3,1,0,3,97.1,0,8600.0,1,3,5,3,129800.0
0,46,2,1,1,3,181.9,0,5600.0,2,4,5,3,156600.0
1,26,1,2,1,2,20.0,3,54800.0,3,3,1,2,251900.0
1,25,1,2,1,1,85.5,0,33200.0,1,4,1,5,274200.0
1,21,1,1,2,2,114.8,0,34700.0,5,1,2,2,171900.0
0,47,5,2,2,2,55.6,1,80700.0,1,3,2,4,831000.0
1,40,3,1,1,5,85.3,0,9800.0,1,1,5,2,500300.0
1,40,3,1,1,4,48.0,0,6000.0,2,5,3,5,198900.0
0,55,5,2,1,6,110.2,0,28300.0,2,1,1,3,776200.0
0,44,3,1,3,6,66.5,0,14000.0,4,3,4,2,1083500.0
1,28,1,1,1,5,74.9,2,3300.0,1,5,3,2,326400.0
0,26,1,1,1,3,121.4,0,22800.0,3,5,1,3,275700.0
0,51,4,2,2,12,109.5,0,70800.0,2,4,1,3,1968200.0
0,26,3,3,1,12,124.1,2,204300.0,4,2,2,5,1158500.0
1,22,1,2,2,2,151.5,0,29700.0,5,5,4,4,393100.0
1,40,3,1,1,5,92.6,0,3200.0,5,2,4,5,461300.0
1,37,2,3,2,20,164.1,0,72100.0,4,1,1,2,1442600.0
0,52,6,2,0,4,96.8,3,53900.0,5,1,5,5,479100.0
1,47,3,2,1,4,136.1,0,29300.0,1,5,4,5,520800.0
1,26,1,2,1,8,89.0,0,58700.0,2,4,3,3,742700.0
1,51,6,1,2,4,119.4,0,8100.0,3,1,5,4,605900.0
1,20,1,2,4,2,75.1,3,52800.0,5,2,2,4,750700.0
0,36,3,1,1,1,136.9,1,36200.0,1,5,1,5,227600.0
1,30,2,1,2,3,130.3,0,11600.0,2,5,1,3,315000.0
0,25,2,2,2,4,82.5,1,129400.0,1,4,3,3,740000.0
1,37,2,3,4,18,95.5,1,121800.0,1,5,3,2,4292000.0
0,26,1,2,2,4,57.0,1,83400.0,2,3,2,1,875800.0
0,33,3,2,0,4,122.6,1,71700.0,5,2,2,2,470100.0
0,30,2,1,2,3,119.4,0,5300.0,5,3,4,2,357400.0
1,40,3,1,1,4,46.9,0,7600.0,1,3,5,2,376600.0
0,43,3,1,0,4,166.0,1,1100.0,4,2,1,1,219300.0
1,24,1,2,1,2,103.9,0,102000.0,5,5,4,3,332300.0
0,36,4,2,3,4,81.9,0,20600.0,1,5,2,3,975900.0
0,33,2,1,3,8,132.0,0,3200.0,3,3,3,4,872900.0
1,20,3,4,2,12,71.7,1,101100.0,3,2,4,4,2684700.0
0,46,2,1,5,3,135.7,1,19300.0,4,1,3,5,722900.0
1,41,3,2,2,6,48.8,0,84100.0,1,2,5,5,996900.0
1,21,1,2,0,4,82.2,1,49900.0,3,3,3,5,193100.0
0,37,3,1,1,2,86.9,1,31000.0,5,2,1,4,267500.0
0,24,2,2,0,4,71.0,2,23200.0,1,2,5,4,221000.0
0,31,1,2,0,2,64.2,0,11700.0,4,1,3,2,187200.0
1,24,3,2,1,10,73.0,0,8400.0,4,4,4,3,793000.0
1,67,5,2,1,12,71.4,1,12100.0,5,4,1,4,1071300.0
1,45,3,1,2,3,73.6,0,29500.0,3,1,1,1,333200.0
1,32,4,2,3,12,140.2,0,10800.0,3,2,2,2,2517300.0
0,37,3,3,1,6,105.2,0,77200.0,4,3,2,1,829100.0
0,58,6,1,3,3,86.9,1,3400.0,2,1,4,1,1313200.0
1,34,2,1,1,2,116.8,0,41200.0,4,4,2,3,168000.0
0,21,1,3,3,9,86.7,0,27400.0,4,4,3,1,1445700.0
0,31,2,1,1,5,62.2,0,14400.0,1,1,2,1,386700.0
0,56,4,2,1,6,33.8,0,31100.0,5,2,1,1,2516400.0
1,40,4,2,3,6,124.6,2,101700.0,1,5,4,1,1545500.0
1,41,3,2,1,6,20.0,0,14800.0,4,3,3,2,389800.0
0,53,5,1,1,5,37.2,0,10400.0,1,5,1,2,536000.0
1,50,4,1,1,4,107.7,0,22800.0,3,3,1,3,245900.0
0,53,4,1,2,3,89.4,0,5000.0,4,5,5,3,1777400.0
1,24,2,2,5,2,141.1,2,4100.0,3,5,2,1,1432900.0
0,38,2,2,0,8,67.5,3,89500.0,3,3,3,5,475600.0
0,40,4,2,3,2,116.9,0,14800.0,5,3,4,1,941700.0
1,44,3,2,0,14,83.8,0,131900.0,3,4,4,1,792300.0
1,31,3,1,1,5,109.2,0,14700.0,1,2,4,3,449600.0
1,28,1,1,0,4,95.9,0,11600.0,1,2,5,4,198400.0
0,45,3,2,2,14,107.6,0,70700.0,2,4,3,3,1146300.0
0,41,4,2,0,8,97.5,0,64300.0,5,5,1,2,541600.0
0,22,2,1,1,7,100.3,1,24500.0,2,3,5,3,373600.0
0,37,2,1,1,4,51.9,1,9900.0,3,1,2,4,320000.0
1,20,1,1,0,3,92.6,0,7400.0,4,5,1,1,89300.0
0,32,2,1,2,1,111.1,1,4200.0,1,2,4,4,171800.0
0,20,1,2,1,6,88.2,1,55500.0,4,3,2,3,628100.0
1,37,3,3,1,3,86.4,0,50100.0,2,4,3,5,543900.0
1,30,3,3,1,12,24.1,2,175900.0,2,5,3,2,1299800.0
1,34,1,3,1,9,143.7,1,136000.0,1,1,5,4,893300.0
0,43,3,3,2,9,42.1,0,16100.0,2,5,3,3,1388400.0
0,46,4,2,0,6,68.4,2,18300.0,4,4,4,1,420200.0
1,24,1,1,1,2,62.4,0,22200.0,2,1,5,3,157200.0
0,27,1,2,1,8,100.4,0,16200.0,4,5,5,1,614600.0
0,50,3,1,1,6,102.0,0,71500.0,3,4,4,5,609600.0
1,24,1,1,3,1,113.1,2,4100.0,5,5,3,2,390700.0
1,63,5,1,2,6,114.6,0,7000.0,1,3,2,4,958000.0
1,52,5,2,1,14,150.3,0,24500.0,2,5,5,3,1022000.0
0,34,2,1,1,2,79.3,0,1500.0,1,4,2,3,139500.0
0,62,5,1,2,3,60.9,0,11100.0,2,2,2,4,336800.0
1,27,2,1,2,1,81.8,1,10600.0,3,4,2,1,212300.0
0,22,1,2,1,4,51.3,0,22300.0,4,5,2,2,549900.0
1,40,3,2,2,4,77.9,0,151700.0,1,3,4,5,726300.0
1,38,2,2,2,6,35.7,2,4900.0,3,2,1,4,861000.0
1,58,4,1,1,3,60.7,1,4700.0,3,4,3,2,298600.0
0,25,3,1,1,4,30.9,2,15700.0,5,2,1,3,1382600.0
0,30,3,2,2,1,132.3,0,3500.0,3,3,1,2,443600.0
1,37,1,2,1,4,93.9,0,5500.0,5,1,5,5,339200.0
1,41,4,2,2,6,155.8,1,28900.0,3,2,1,2,897200.0
1,28,1,2,2,8,128.9,0,8600.0,4,4,1,3,1124800.0
0,37,4,2,2,2,132.3,1,39000.0,3,3,4,5,668400.0
0,52,4,3,1,3,85.1,0,56300.0,4,4,2,5,851600.0
1,24,1,1,0,3,107.2,0,22900.0,2,3,1,5,136600.0
1,48,3,1,0,3,58.6,0,1300.0,3,4,1,3,121800.0
1,30,2,2,2,6,71.4,0,28600.0,3,3,5,1,805900.0
0,48,3,1,3,4,90.5,0,2700.0,2,5,3,3,680400.0
1,43,3,1,2,2,29.1,0,20200.0,5,4,5,1,225100.0
1,23,2,1,0,4,72.3,1,2300.0,4,3,3,1,123700.0
1,33,2,1,3,5,117.8,0,26800.0,2,1,3,3,387500.0
0,58,6,1,5,5,72.8,0,17100.0,2,3,3,2,976900.0
0,35,2,1,1,5,64.2,0,7300.0,1,1,4,3,329800.0
1,67,6,2,1,2,76.5,0,79100.0,2,2,4,5,638500.0
0,33,4,2,2,2,116.2,0,73300.0,5,3,2,2,686400.0
1,22,2,2,2,2,102.6,1,202200.0,5,2,3,4,858500.0
1,30,3,2,4,10,82.1,0,12700.0,5,2,4,4,2072800.0
0,56,5,1,0,5,90.6,0,9600.0,4,5,4,4,252100.0
1,23,1,1,1,5,120.0,0,4000.0,4,3,1,5,219200.0
0,57,4,1,2,1,135.8,1,84100.0,3,5,3,5,424200.0
1,52,4,2,3,4,73.4,0,47700.0,2,5,5,1,939700.0
1,30,2,2,3,6,87.1,0,137400.0,5,2,1,5,1052800.0
0,24,1,1,4,3,133.6,0,16500.0,2,4,4,1,342800.0
0,41,4,1,1,3,108.3,0,71700.0,3,2,4,4,281400.0
1,22,1,3,2,9,40.9,0,7400.0,3,2,4,3,1225000.0
0,45,3,2,1,2,58.7,0,145500.0,5,1,4,3,552300.0
1,32,2,2,1,4,59.8,0,40100.0,2,4,5,5,413600.0
1,32,4,1,1,1,75.5,0,1400.0,3,2,2,4,120400.0
1,45,2,1,2,3,102.9,0,3900.0,1,4,2,4,282300.0
0,34,1,2,5,12,156.0,0,300800.0,4,1,3,1,1995300.0
1,38,2,2,1,8,87.1,0,123000.0,2,4,4,1,787600.0
1,30,4,2,0,10,113.1,0,32100.0,5,3,3,4,531800.0
0,32,4,2,2,6,129.7,0,85200.0,3,1,5,5,902200.0
1,32,3,2,1,2,142.0,2,38200.0,3,4,3,5,566800.0
1,45,4,2,4,4,129.7,0,15900.0,3,5,2,4,1125000.0
1,37,2,1,1,5,63.9,0,13100.0,4,4,2,3,400700.0
0,32,4,1,0,7,39.2,1,9500.0,2,1,2,3,324200.0
1,42,2,2,1,10,68.0,0,7100.0,3,5,3,1,519700.0
0,25,1,1,0,3,95.9,0,100.0,4,4,4,4,162100.0
0,27,1,2,1,8,64.0,0,41700.0,1,4,1,3,464300.0
1,55,4,2,0,4,33.1,0,184600.0,2,1,2,5,468100.0
1,42,4,4,1,12,47.5,0,51700.0,5,5,3,2,1356100.0
0,33,2,1,0,4,195.2,0,11800.0,2,5,1,2,180800.0
0,40,5,1,4,1,82.3,0,6600.0,3,4,2,4,328400.0
0,27,1,2,1,8,153.0,2,13100.0,5,3,2,1,628600.0
0,33,2,2,1,8,81.8,2,64400.0,2,1,5,2,704600.0
0,35,2,2,3,2,117.7,3,113200.0,5,1,2,5,990300.0
0,32,3,2,2,1,85.0,0,30500.0,2,2,1,5,346900.0
1,35,3,1,1,2,90.3,2,63900.0,1,5,1,5,342800.0
1,28,1,2,2,6,117.2,1,73600.0,1,5,4,2,971300.0
1,28,1,2,2,8,75.9,2,3600.0,1,2,1,3,1283400.0
1,52,4,3,3,9,48.2,0,25900.0,2,4,3,5,1650200.0
0,32,2,1,1,3,61.8,1,24800.0,5,4,3,1,373400.0
1,33,4,1,3,2,61.6,0,2100.0,1,1,2,4,1716600.0
1,26,1,2,1,6,92.9,0,3300.0,4,4,4,4,440500.0
1,22,2,4,1,16,23.6,0,16300.0,4,3,2,4,949600.0
1,47,3,2,3,12,100.7,2,68400.0,1,3,4,3,1065300.0
1,37,2,1,1,3,134.3,0,3100.0,1,3,5,4,134200.0
1,35,4,1,3,5,72.2,0,11200.0,3,2,4,4,1033100.0
0,23,1,2,0,6,67.1,2,1800.0,4,3,5,2,275400.0
1,44,3,1,1,3,158.9,0,22000.0,4,2,5,3,214400.0
1,21,1,2,3,4,141.5,2,19800.0,1,1,2,3,791900.0
1,25,1,2,1,6,105.0,1,155600.0,3,1,3,2,537700.0
1,32,3,2,3,4,63.8,0,95500.0,5,3,4,1,1009300.0
0,25,1,1,4,2,110.4,0,22300.0,3,2,2,4,367800.0
0,24,3,3,3,15,54.7,0,34800.0,3,3,5,1,2625300.0
1,41,3,1,1,4,43.7,3,25100.0,4,4,5,2,381100.0
1,44,2,1,1,1,105.8,2,6400.0,1,2,1,2,185700.0
1,44,2,3,3,6,73.3,0,30600.0,1,2,1,2,1305400.0
0,38,2,2,2,8,20.0,0,311800.0,1,2,4,2,1221900.0
0,27,3,2,1,10,110.5,0,114300.0,3,2,3,5,923300.0
1,26,2,1,5,2,141.1,1,7600.0,3,4,1,2,540300.0
1,62,5,1,2,2,113.1,0,100.0,2,3,5,1,231600.0
1,33,3,1,4,4,72.5,0,3100.0,5,1,2,2,747700.0
1,45,4,1,0,3,20.0,1,36000.0,2,5,3,1,281900.0
1,22,1,2,0,8,95.1,0,32700.0,5,5,4,2,326400.0
0,38,3,1,1,2,67.0,0,9100.0,2,2,2,2,149100.0
1,27,1,2,1,8,58.5,1,14400.0,2,2,4,5,613000.0
1,35,1,1,2,2,21.9,0,5400.0,2,1,2,2,137200.0
1,53,4,1,0,1,155.7,0,34100.0,2,5,2,4,123200.0
1,66,5,4,4,12,51.6,1,75600.0,3,2,3,5,4515700.0
1,32,2,1,1,3,26.2,0,10700.0,5,4,4,5,191800.0
0,37,2,1,1,5,149.3,0,19700.0,2,5,1,4,230800.0
1,50,4,1,1,6,91.1,2,3500.0,2,4,2,5,669800.0
0,42,4,1,1,2,85.7,0,4400.0,1,1,2,2,183400.0
1,24,3,2,0,20,100.8,1,9500.0,3,1,1,4,998900.0
0,34,3,1,0,3,105.2,0,15900.0,4,5,3,2,121800.0
0,21,1,2,2,2,97.5,0,49600.0,1,3,3,5,437000.0
1,37,2,2,0,10,37.3,0,13200.0,4,5,3,3,1457300.0
0,34,2,2,1,6,34.6,0,16700.0,2,4,5,4,584900.0
1,36,1,1,2,2,64.5,1,8900.0,5,3,5,1,375200.0
1,36,2,2,0,4,72.1,0,75600.0,4,4,3,5,261300.0
0,24,1,1,1,6,77.4,0,1400.0,4,4,3,3,281800.0
1,37,3,2,0,2,98.0,1,4300.0,4,4,1,5,167900.0
0,48,4,2,1,4,80.2,0,85600.0,5,2,5,2,500600.0
1,43,3,1,2,5,66.2,1,27300.0,1,3,4,2,664600.0
0,33,2,2,0,4,103.8,0,66800.0,3,2,3,2,268200.0
0,57,5,3,3,12,115.0,0,7900.0,5,2,3,3,3387200.0
0,50,4,2,3,6,61.7,0,370600.0,1,4,3,2,1450900.0
0,23,1,1,0,3,42.1,0,21000.0,2,1,2,5,106700.0
0,25,1,2,5,6,96.3,0,81200.0,1,5,5,5,1215700.0
1,43,3,3,1,3,75.3,0,46800.0,4,1,4,5,439400.0
1,45,2,1,0,1,119.3,0,1600.0,1,4,2,4,77400.0
1,64,6,2,0,8,55.5,1,1600.0,1,5,2,5,427000.0
1,58,5,1,1,4,47.8,0,38800.0,2,5,4,2,520500.0
0,38,2,1,1,2,67.8,1,13100.0,2,4,4,4,270300.0
0,33,1,2,1,8,108.2,0,2500.0,1,2,4,4,367800.0
0,23,2,2,2,4,77.7,0,73100.0,5,5,4,4,583100.0
0,27,1,2,2,4,86.9,0,63900.0,2,5,4,4,600400.0
1,33,2,3,1,9,72.7,0,18500.0,4,5,3,3,1159200.0
1,31,1,1,2,3,125.5,2,2600.0,5,5,4,5,422000.0
0,31,2,1,3,2,106.9,2,18700.0,1,3,4,3,733500.0
0,40,4,3,0,6,36.7,0,21400.0,4,2,5,1,448700.0
1,24,2,1,1,2,121.5,0,61600.0,4,3,3,3,158900.0
1,35,2,2,1,2,110.7,2,68700.0,5,3,2,4,372600.0
0,28,1,2,1,4,128.0,1,14700.0,1,4,3,5,611400.0
1,34,1,1,1,3,71.5,0,400.0,4,2,1,5,121400.0
1,45,2,1,1,1,57.1,0,2000.0,2,1,4,2,91800.0
0,45,5,2,2,6,87.1,0,297600.0,2,2,2,3,1768900.0
0,62,6,2,1,2,95.7,1,35600.0,5,1,1,5,616100.0
1,23,1,2,1,2,131.5,1,421500.0,2,5,2,1,566200.0
1,30,3,2,0,6,112.3,0,29200.0,3,1,3,1,346400.0
1,23,2,2,1,8,95.2,0,25600.0,1,1,1,3,883600.0
0,30,3,1,1,7,85.5,2,12500.0,4,1,4,2,445600.0
0,54,3,1,1,2,90.5,1,11100.0,4,5,4,1,216300.0
